Curso;Media;NumEncuestas;Centro;Titulacion2017_2018;4,02;258;Escuela Politécnica Superior;"Doble Grado en Ing.en Diseño Ind.y
Desarrollo del Producto e Ing. Mecánica"2017_2018;3,91;172;Escuela Politécnica Superior;"Doble Grado en Ingeniería Eléctrica e
Ingeniería Electrónica Industrial"2017_2018;3,9;214;Escuela Politécnica Superior;"Doble Grado en Ingeniería Eléctrica e
Ingeniería Mecánica"2017_2018;4,05;659;Escuela Politécnica Superior;Grado en Ingeniería Eléctrica2017_2018;4,02;1359;Escuela Politécnica Superior;Grado en Ingeniería Electrónica Industrial2017_2018;3,78;1736;Escuela Politécnica Superior;"Grado en Ingeniería en Diseño Industrial
y Desarrollo del Producto"2017_2018;3,95;1204;Escuela Politécnica Superior;Grado en Ingeniería Mecánica2017_2018;4,11;800;Escuela Politécnica Superior;Grado en Ingeniería Química Industrial2017_2018;4,58;28;E.T.S. de Arquitectura;Grado en Arquitectura2017_2018;4,07;6376;E.T.S. de Arquitectura;Grado en Fundamentos de Arquitectura2017_2018;4,05;2101;E.T.S. de Ingeniería;Grado en Ingeniería Aeroespacial2017_2018;3,88;1081;E.T.S. de Ingeniería;Grado en Ingeniería Civil2017_2018;4;1110;E.T.S. de Ingeniería;"Grado en Ingeniería de la Energía por la
Un. de Sevilla y la Un. de Málaga"2017_2018;4,03;3291;E.T.S. de Ingeniería;"Grado en Ingeniería de las Tecnologías de
Telecomunicación"2017_2018;3,81;926;E.T.S. de Ingeniería;Grado en Ingeniería de Organización In-dustrial por la U. Málaga y U.Sevilla2017_2018;4,07;4380;E.T.S. de Ingeniería;Grado en Ingeniería de Tecnologías Indus-triales2017_2018;3,99;1484;E.T.S. de Ingeniería;"Grado en Ingeniería Electrónica, Robótica
y Mecatrónica (UMA-US)"2017_2018;3,95;1539;E.T.S. de Ingeniería;Grado en Ingeniería Química2017_2018;4,51;25;E.T.S. de Ingeniería Agronómica;"Doble Grado en Ingeniería Agrícola (US)
y Grado Ciencias Ambientales (UPO)"2017_2018;4,32;3782;E.T.S. de Ingeniería Agronómica;Grado en Ingeniería Agrícola2017_2018;4,24;2905;E.T.S. de Ingeniería de Edifica-ción;Grado en Edificación2017_2018;4,06;1050;E.T.S. Ingeniería Informática;"Grado en Ingeniería de la Salud por la
Univ. de Málaga y la Univ.de Sevilla"2017_2018;4,23;987;E.T.S. Ingeniería Informática;Grado en Ingeniería Informática-Inge-niería de Computadores2017_2018;4,12;3851;E.T.S. Ingeniería Informática;Grado en Ingeniería Informática-Inge-niería del Software2017_2018;4,17;1711;E.T.S. Ingeniería Informática;Grado en Ingeniería Informática-Tecnolo-gías Informáticas2017_2018;4,27;2536;Facultad de Bellas Artes;Grado en Bellas Artes2017_2018;4,17;705;Facultad de Bellas Artes;"Grado en Conservación y Restauración de
Bienes Culturales"2017_2018;4,34;6202;Facultad de Biología;Grado en Biología2017_2018;4,29;1555;Facultad de Biología;"Grado en Bioquímica por la Universidad
de Sevilla y Universidad de Málaga"2017_2018;4,05;765;Facultad de CC. Económ. y Em-presariales;Doble Grado en Administración y Direc-ción de Empresas y en Derecho2017_2018;4,15;468;Facultad de CC. Económ. y Em-presariales;Doble Grado en Derecho y en Economía2017_2018;4,18;4359;Facultad de CC. Económ. y Em-presariales;"Grado en Administración y Dirección de
Empresas"2017_2018;4,04;1656;Facultad de CC. Económ. y Em-presariales;Grado en Economía2017_2018;4,05;1392;Facultad de CC. Económ. y Em-presariales;"Grado en Marketing e Investigación de
Mercados"2017_2018;4,28;58;Facultad de Ciencias de la Edu-cación;"Doble Grado en Educación Primaria y
Estudios Franceses"2017_2018;4,1;7;Facultad de Ciencias de la Edu-cación;"Doble Grado en Fisioterapia y Ciencias de
la Actividad Física y del Deporte"2017_2018;4,16;76;Facultad de Ciencias de la Edu-cación;Doble Grado en Lengua y Literatura Ale-manas y en Educación Primaria2017_2018;4,13;1563;Facultad de Ciencias de la Edu-cación;"Grado en Ciencias de la Actividad Física y
del Deporte"2017_2018;4,32;2180;Facultad de Ciencias de la Edu-cación;Grado en Educación Infantil2017_2018;4,12;8358;Facultad de Ciencias de la Edu-cación;Grado en Educación Primaria2017_2018;4,2;2036;Facultad de Ciencias de la Edu-cación;Grado en Pedagogía2017_2018;4,08;292;Facultad de Ciencias del Trabajo;"Doble Grado en Finanzas y Contabilidad
y Relac. Laborales y Recurs. Humanos"2017_2018;4,04;1800;Facultad de Ciencias del Trabajo;Grado en Relaciones Laborales y Recur-sos Humanos2017_2018;4;217;Facultad de Comunicación;Doble Grado en Periodismo y Comunica-ción Audiovisual2017_2018;4,02;111;Facultad de Comunicación;Doble Grado en Periodismo y Comunica-ción Audiovisual (2016)2017_2018;4,21;1823;Facultad de Comunicación;Grado en Comunicación Audiovisual2017_2018;4;2429;Facultad de Comunicación;Grado en Periodismo2017_2018;4,2;2003;Facultad de Comunicación;Grado en Publicidad y Relaciones Públi-cas2017_2018;4,3;189;Facultad de Derecho;Doble Grado en Administración y Direc-ción de Empresas y en Derecho2017_2018;4,17;90;Facultad de Derecho;Doble Grado en Derecho y en Economía2017_2018;3,84;47;Facultad de Derecho;"Doble Grado en Derecho y en Finanzas y
Contabilidad"2017_2018;4,11;509;Facultad de Derecho;Doble Grado en Derecho y Gestión y Ad-ministración Pública2017_2018;4,2;356;Facultad de Derecho;Grado en Criminología2017_2018;4,25;2711;Facultad de Derecho;Grado en Derecho2017_2018;4,09;23;Facultad de Derecho;Grado en Gestión y Administración Pú-blica2017_2018;4,23;975;Facultad de Farmacia;"Doble Grado en Farmacia y en Óptica y
Optometría"2017_2018;4,34;11336;Facultad de Farmacia;Grado en Farmacia2017_2018;4,33;1871;Facultad de Farmacia;Grado en Óptica y Optometría2017_2018;3,44;52;Facultad de Filología;"Doble Grado en Educación Primaria y
Estudios Franceses"2017_2018;4,14;193;Facultad de Filología;Doble Grado en Filología Clásica y Filo-logía Hispánica2017_2018;4,1;51;Facultad de Filología;Doble Grado en Lengua y Literatura Ale-manas y en Educación Primaria2017_2018;4,74;131;Facultad de Filología;Grado en Estudios Árabes e Islámicos2017_2018;4,07;606;Facultad de Filología;Grado en Estudios Franceses2017_2018;4,3;1948;Facultad de Filología;Grado en Estudios Ingleses2017_2018;4,17;95;Facultad de Filología;Grado en Filología Clásica2017_2018;4,19;2059;Facultad de Filología;Grado en Filología Hispánica2017_2018;4,02;233;Facultad de Filología;Grado en Lengua y Literatura Alemanas2017_2018;4,34;721;Facultad de Filosofía;"Grado en Estudios de Asia Oriental por la
Unv.de Sevilla y la Unv.de Málaga"2017_2018;4,47;579;Facultad de Filosofía;Grado en Filosofía2017_2018;4,05;612;Facultad de Física;"Doble Grado en Física y en Ingeniería de
Materiales"2017_2018;3,91;237;Facultad de Física;Doble Grado en Física y Matemáticas2017_2018;4,21;224;Facultad de Física;"Doble Grado en Química y en Ingeniería
de Materiales"2017_2018;3,93;1486;Facultad de Física;Grado en Física2017_2018;4,19;526;Facultad de Física;Grado en Ingeniería de Materiales2017_2018;3,98;563;Facultad de Geografía e Historia;"Doble Grado en Geografía y Gestión del
Territorio e Historia"2017_2018;4,07;374;Facultad de Geografía e Historia;Grado en Antropología Social y Cultural2017_2018;4,03;419;Facultad de Geografía e Historia;Grado en Arqueología por la Unv. de Gra-nada, Unv. de Jaén y Unv.de Sevilla2017_2018;3,98;739;Facultad de Geografía e Historia;Grado en Geografia y Gestión del Territo-rio2017_2018;4,19;1703;Facultad de Geografía e Historia;Grado en Historia2017_2018;4,21;1825;Facultad de Geografía e Historia;Grado en Historia del Arte2017_2018;4,33;118;Facultad de Matemáticas;Doble Grado en Física y Matemáticas2017_2018;4,1;181;Facultad de Matemáticas;Doble Grado en Matemáticas y Estadística2017_2018;4,07;119;Facultad de Matemáticas;Grado en Estadística2017_2018;4,2;886;Facultad de Matemáticas;Grado en Matemáticas2017_2018;4,22;1230;Facultad de Medicina;Grado en Biomedicina Básica y Experi-mental2017_2018;4,34;3907;Facultad de Medicina;Grado en Medicina2017_2018;4,41;2411;Facultad de Odontología;Grado en Odontología2017_2018;4,28;5407;Facultad de Psicología;Grado en Psicología2017_2018;4,24;256;Facultad de Química;"Doble Grado en Química y en Ingeniería
de Materiales"2017_2018;4,15;3265;Facultad de Química;Grado en Química2017_2018;4,15;300;Facultad de Turismo y Finanzas;"Doble Grado en Derecho y en Finanzas y
Contabilidad"2017_2018;4,14;437;Facultad de Turismo y Finanzas;"Doble Grado en Finanzas y Contabilidad
y Relac. Laborales y Recurs. Humanos"2017_2018;4,2;2905;Facultad de Turismo y Finanzas;Grado en Finanzas y Contabilidad2017_2018;4,17;2434;Facultad de Turismo y Finanzas;Grado en Turismo2017_2018;4,31;28;"Facultad Enfermería, Fisioter. y
Podolog";"Doble Grado en Fisioterapia y Ciencias de
la Actividad Física y del Deporte"2017_2018;4,37;3029;"Facultad Enfermería, Fisioter. y
Podolog";Grado en Enfermería2017_2018;4,41;2452;"Facultad Enfermería, Fisioter. y
Podolog";Grado en Fisioterapia2017_2018;4,4;939;"Facultad Enfermería, Fisioter. y
Podolog";Grado en Podología2018_2019;3,95;423;Escuela Politécnica Superior;"Doble Grado en Ing.en Diseño Ind.y
Desarrollo del Producto e Ing. Mecánica"2018_2019;4,01;324;Escuela Politécnica Superior;"Doble Grado en Ingeniería Eléctrica e
Ingeniería Electrónica Industrial"2018_2019;4,14;305;Escuela Politécnica Superior;"Doble Grado en Ingeniería Eléctrica e
Ingeniería Mecánica"2018_2019;4,12;507;Escuela Politécnica Superior;Grado en Ingeniería Eléctrica2018_2019;4,03;1212;Escuela Politécnica Superior;Grado en Ingeniería Electrónica Indus-trial2018_2019;4,03;1776;Escuela Politécnica Superior;Grado en Ingeniería en Diseño Indus-trial y Desarrollo del Producto2018_2019;3,94;1452;Escuela Politécnica Superior;Grado en Ingeniería Mecánica2018_2019;4,02;1058;Escuela Politécnica Superior;Grado en Ingeniería Química Industrial2018_2019;4,12;6003;E.T.S. de Arquitectura;Grado en Fundamentos de Arquitectura2018_2019;4,08;2098;E.T.S. de Ingeniería;Grado en Ingeniería Aeroespacial2018_2019;3,88;811;E.T.S. de Ingeniería;Grado en Ingeniería Civil2018_2019;4,05;1026;E.T.S. de Ingeniería;"Grado en Ingeniería de la Energía por la
Un. de Sevilla y la Un. de Málaga"2018_2019;4,16;2514;E.T.S. de Ingeniería;"Grado en Ingeniería de las Tecnologías
de Telecomunicación"2018_2019;3,99;846;E.T.S. de Ingeniería;"Grado en Ingeniería de Organización
Industrial por la U. Málaga y U.Sevilla"2018_2019;4,09;3898;E.T.S. de Ingeniería;"Grado en Ingeniería de Tecnologías
Industriales"2018_2019;3,96;1591;E.T.S. de Ingeniería;Grado en Ingeniería Electrónica, Robó-tica y Mecatrónica (UMA-US)2018_2019;4,02;1207;E.T.S. de Ingeniería;Grado en Ingeniería Química2018_2019;4,18;41;E.T.S. de Ingeniería Agro-nómica;"Doble Grado en Ingeniería Agrícola
(US) y Grado Ciencias Ambientales
(UPO)"2018_2019;4,36;3249;E.T.S. de Ingeniería Agro-nómica;Grado en Ingeniería Agrícola2018_2019;4,27;2558;E.T.S. de Ingeniería de Edi-ficación;Grado en Edificación2018_2019;4,5;32;E.T.S. Ingeniería Informá-tica;Doble Grado Ingeniería Informáti-ca-Tecnologías Informáticas y Matemá-ticas2018_2019;4,1;1083;E.T.S. Ingeniería Informá-tica;"Grado en Ingeniería de la Salud por la
Univ. de Málaga y la Univ.de Sevilla"2018_2019;4,08;1186;E.T.S. Ingeniería Informá-tica;Grado en Ingeniería Informática-Inge-niería de Computadores2018_2019;4,11;4145;E.T.S. Ingeniería Informá-tica;Grado en Ingeniería Informática-Inge-niería del Software2018_2019;4,16;1859;E.T.S. Ingeniería Informá-tica;Grado en Ingeniería Informática-Tecno-logías Informáticas2018_2019;4,29;2080;Facultad de Bellas Artes;Grado en Bellas Artes2018_2019;4,08;881;Facultad de Bellas Artes;"Grado en Conservación y Restauración
de Bienes Culturales"2018_2019;4,4;5294;Facultad de Biología;Grado en Biología2018_2019;4,33;1685;Facultad de Biología;Grado en Bioquímica por la Universi-dad de Sevilla y Universidad de Málaga2018_2019;4,03;680;"Facultad de CC. Económ. y
Empresariales";Doble Grado en Administración y Di-rección de Empresas y en Derecho2018_2019;4,16;476;"Facultad de CC. Económ. y
Empresariales";Doble Grado en Derecho y en Econo-mía2018_2019;4,16;4784;"Facultad de CC. Económ. y
Empresariales";"Grado en Administración y Dirección
de Empresas"2018_2019;4,04;1621;"Facultad de CC. Económ. y
Empresariales";Grado en Economía2018_2019;4,06;1402;"Facultad de CC. Económ. y
Empresariales";"Grado en Marketing e Investigación de
Mercados"2018_2019;4,14;91;"Facultad de Ciencias de la
Educación";"Doble Grado en Educación Primaria y
Estudios Franceses"2018_2019;4,08;66;"Facultad de Ciencias de la
Educación";"Doble Grado en Fisioterapia y Ciencias
de la Actividad Física y del Deporte"2018_2019;4,51;72;"Facultad de Ciencias de la
Educación";"Doble Grado en Lengua y Literatura
Alemanas y en Educación Primaria"2018_2019;4,16;1550;"Facultad de Ciencias de la
Educación";Grado en Ciencias de la Actividad Fí-sica y del Deporte2018_2019;4,14;2343;"Facultad de Ciencias de la
Educación";Grado en Educación Infantil2018_2019;4,19;7539;"Facultad de Ciencias de la
Educación";Grado en Educación Primaria2018_2019;4,21;2139;"Facultad de Ciencias de la
Educación";Grado en Pedagogía2018_2019;4,07;191;"Facultad de Ciencias del
Trabajo";Doble Grado en Finanzas y Contabili-dad y Relac. Laborales y Recurs. Hu-manos2018_2019;4,13;1578;"Facultad de Ciencias del
Trabajo";Grado en Relaciones Laborales y Re-cursos Humanos2018_2019;4,05;98;Facultad de Comunicación;Doble Grado en Periodismo y Comuni-cación Audiovisual2018_2019;3,83;204;Facultad de Comunicación;Doble Grado en Periodismo y Comuni-cación Audiovisual (2016)2018_2019;4,21;1733;Facultad de Comunicación;Grado en Comunicación Audiovisual2018_2019;4,14;2045;Facultad de Comunicación;Grado en Periodismo2018_2019;4,07;2388;Facultad de Comunicación;Grado en Publicidad y Relaciones Pú-blicas2018_2019;4,26;423;Facultad de Derecho;Doble Grado en Administración y Di-rección de Empresas y en Derecho2018_2019;4,32;144;Facultad de Derecho;Doble Grado en Derecho y en Econo-mía2018_2019;4,41;88;Facultad de Derecho;"Doble Grado en Derecho y en Finanzas
y Contabilidad"2018_2019;4,34;365;Facultad de Derecho;"Doble Grado en Derecho y Gestión y
Administración Pública"2018_2019;4,5;306;Facultad de Derecho;Grado en Criminología2018_2019;4,35;2644;Facultad de Derecho;Grado en Derecho2018_2019;4,43;33;Facultad de Derecho;"Grado en Gestión y Administración
Pública"2018_2019;4,43;70;"Facultad de Enfermería,
Fisioterapia y Podología";"Doble Grado en Fisioterapia y Ciencias
de la Actividad Física y del Deporte"2018_2019;4,33;3961;"Facultad de Enfermería,
Fisioterapia y Podología";Grado en Enfermería2018_2019;4,47;2085;"Facultad de Enfermería,
Fisioterapia y Podología";Grado en Fisioterapia2018_2019;4,25;900;"Facultad de Enfermería,
Fisioterapia y Podología";Grado en Podología2018_2019;4,29;1378;Facultad de Farmacia;"Doble Grado en Farmacia y en Óptica y
Optometría"2018_2019;4,33;11306;Facultad de Farmacia;Grado en Farmacia2018_2019;4,32;1821;Facultad de Farmacia;Grado en Óptica y Optometría2018_2019;4,07;98;Facultad de Filología;"Doble Grado en Educación Primaria y
Estudios Franceses"2018_2019;4,32;184;Facultad de Filología;"Doble Grado en Filología Clásica y
Filología Hispánica"2018_2019;4;46;Facultad de Filología;"Doble Grado en Lengua y Literatura
Alemanas y en Educación Primaria"2018_2019;4,48;138;Facultad de Filología;Grado en Estudios Árabes e Islámicos2018_2019;4,23;567;Facultad de Filología;Grado en Estudios Franceses2018_2019;4,27;2133;Facultad de Filología;Grado en Estudios Ingleses2018_2019;4,45;125;Facultad de Filología;Grado en Filología Clásica2018_2019;4,34;1789;Facultad de Filología;Grado en Filología Hispánica2018_2019;4,03;291;Facultad de Filología;Grado en Lengua y Literatura Alemanas2018_2019;4,24;744;Facultad de Filosofía;"Grado en Estudios de Asia Oriental por
la Unv.de Sevilla y la Unv.de Málaga"2018_2019;4,38;566;Facultad de Filosofía;Grado en Filosofía2018_2019;4,22;478;Facultad de Física;"Doble Grado en Física y en Ingeniería
de Materiales"2018_2019;3,81;233;Facultad de Física;Doble Grado en Física y Matemáticas2018_2019;4,12;225;Facultad de Física;Doble Grado en Química y en Ingenie-ría de Materiales2018_2019;4,04;1113;Facultad de Física;Grado en Física2018_2019;4,26;495;Facultad de Física;Grado en Ingeniería de Materiales2018_2019;4,17;761;"Facultad de Geografía e
Historia";"Doble Grado en Geografía y Gestión del
Territorio e Historia"2018_2019;4,29;276;"Facultad de Geografía e
Historia";Grado en Antropología Social y Cultu-ral2018_2019;4,08;440;"Facultad de Geografía e
Historia";"Grado en Arqueología por la Unv. de
Granada, Unv. de Jaén y Unv.de Sevilla"2018_2019;4,07;612;"Facultad de Geografía e
Historia";Grado en Geografía y Gestión del Terri-torio2018_2019;4,25;2260;"Facultad de Geografía e
Historia";Grado en Historia2018_2019;4,28;1725;"Facultad de Geografía e
Historia";Grado en Historia del Arte2018_2019;4,24;174;Facultad de Matemáticas;Doble Grado en Física y Matemáticas2018_2019;4,15;262;Facultad de Matemáticas;Doble Grado en Matemáticas y Estadís-tica2018_2019;4,32;57;Facultad de Matemáticas;Doble Grado Ingeniería Informáti-ca-Tecnologías Informáticas y Matemá-ticas2018_2019;4,14;95;Facultad de Matemáticas;Grado en Estadística2018_2019;4,11;914;Facultad de Matemáticas;Grado en Matemáticas2018_2019;4,2;1091;Facultad de Medicina;Grado en Biomedicina Básica y Experi-mental2018_2019;4,37;4137;Facultad de Medicina;Grado en Medicina2018_2019;4,44;1984;Facultad de Odontología;Grado en Odontología2018_2019;4,33;5308;Facultad de Psicología;Grado en Psicología2018_2019;4,09;318;Facultad de Química;Doble Grado en Química y en Ingenie-ría de Materiales2018_2019;4,24;2343;Facultad de Química;Grado en Química2018_2019;4,26;294;Facultad de Turismo y Fi-nanzas;"Doble Grado en Derecho y en Finanzas
y Contabilidad"2018_2019;3,88;473;Facultad de Turismo y Fi-nanzas;Doble Grado en Finanzas y Contabili-dad y Relac. Laborales y Recurs. Hu-manos2018_2019;4,21;3235;Facultad de Turismo y Fi-nanzas;Grado en Finanzas y Contabilidad2018_2019;4,21;2689;Facultad de Turismo y Fi-nanzas;Grado en Turismo2019_2020;4,14;288;Escuela Politécnica Superior;"Doble Grado en Ing.en Diseño Ind.y
Desarrollo del Producto e Ing. Mecánica"2019_2020;3,76;225;Escuela Politécnica Superior;"Doble Grado en Ingeniería Eléctrica e
Ingeniería Electrónica Industrial"2019_2020;4,1;229;Escuela Politécnica Superior;"Doble Grado en Ingeniería Eléctrica e
Ingeniería Mecánica"2019_2020;4,06;466;Escuela Politécnica Superior;Grado en Ingeniería Eléctrica2019_2020;3,92;807;Escuela Politécnica Superior;Grado en Ingeniería Electrónica Industrial2019_2020;4,03;1166;Escuela Politécnica Superior;"Grado en Ingeniería en Diseño Industrial y
Desarrollo del Producto"2019_2020;3,81;1083;Escuela Politécnica Superior;Grado en Ingeniería Mecánica2019_2020;4,08;838;Escuela Politécnica Superior;Grado en Ingeniería Química Industrial2019_2020;4,1;3246;E.T.S. de Arquitectura;Grado en Fundamentos de Arquitectura2019_2020;4,13;1281;E.T.S. de Ingeniería;Grado en Ingeniería Aeroespacial2019_2020;3,88;453;E.T.S. de Ingeniería;Grado en Ingeniería Civil2019_2020;3,97;681;E.T.S. de Ingeniería;"Grado en Ingeniería de la Energía por la Un.
de Sevilla y la Un. de Málaga"2019_2020;4,14;1756;E.T.S. de Ingeniería;"Grado en Ingeniería de las Tecnologías de
Telecomunicación"2019_2020;4,01;570;E.T.S. de Ingeniería;"Grado en Ingeniería de Organización
Industrial por la U. Málaga y U.Sevilla"2019_2020;4,11;2520;E.T.S. de Ingeniería;"Grado en Ingeniería de Tecnologías
Industriales"2019_2020;4,07;853;E.T.S. de Ingeniería;"Grado en Ingeniería Electrónica, Robótica y
Mecatrónica (UMA-US)"2019_2020;3,86;397;E.T.S. de Ingeniería;Grado en Ingeniería Química2019_2020;4,42;47;E.T.S. de Ingeniería Agronómica;"Doble Grado en Ingeniería Agrícola (US) y
Grado Ciencias Ambientales (UPO)"2019_2020;4,32;1931;E.T.S. de Ingeniería Agronómica;Grado en Ingeniería Agrícola2019_2020;4,26;1711;"E.T.S. de Ingeniería de
Edificación";Grado en Edificación2019_2020;4,32;83;E.T.S. Ingeniería Informática;Doble Grado Ingeniería Informática-Tecnologías Informáticas y Matemáticas2019_2020;4,05;793;E.T.S. Ingeniería Informática;"Grado en Ingeniería de la Salud por la Univ.
de Málaga y la Univ.de Sevilla"2019_2020;3,89;793;E.T.S. Ingeniería Informática;"Grado en Ingeniería Informática-Ingeniería de
Computadores"2019_2020;4,05;2918;E.T.S. Ingeniería Informática;"Grado en Ingeniería Informática-Ingeniería
del Software"2019_2020;4,03;1307;E.T.S. Ingeniería Informática;"Grado en Ingeniería Informática-Tecnologías
Informáticas"2019_2020;4,24;1474;Facultad de Bellas Artes;Grado en Bellas Artes2019_2020;4,16;504;Facultad de Bellas Artes;"Grado en Conservación y Restauración de
Bienes Culturales"2019_2020;4,39;3550;Facultad de Biología;Grado en Biología2019_2020;4,25;1128;Facultad de Biología;"Grado en Bioquímica por la Universidad de
Sevilla y Universidad de Málaga"2019_2020;4,21;559;"Facultad de CC. Económ. y
Empresariales";"Doble Grado en Administración y Dirección
de Empresas y en Derecho"2019_2020;3,85;268;"Facultad de CC. Económ. y
Empresariales";Doble Grado en Derecho y en Economía2019_2020;4,19;2485;"Facultad de CC. Económ. y
Empresariales";"Grado en Administración y Dirección de
Empresas"2019_2020;3,83;1103;"Facultad de CC. Económ. y
Empresariales";Grado en Economía2019_2020;3,81;836;"Facultad de CC. Económ. y
Empresariales";"Grado en Marketing e Investigación de
Mercados"2019_2020;4,1;76;"Facultad de Ciencias de la
Educación";"Doble Grado en Educación Primaria y
Estudios Franceses"2019_2020;4,31;79;"Facultad de Ciencias de la
Educación";"Doble Grado en Fisioterapia y Ciencias de la
Actividad Física y del Deporte"2019_2020;4,34;61;"Facultad de Ciencias de la
Educación";"Doble Grado en Lengua y Literatura
Alemanas y en Educación Primaria"2019_2020;4,21;1257;"Facultad de Ciencias de la
Educación";"Grado en Ciencias de la Actividad Física y del
Deporte"2019_2020;4,35;2305;"Facultad de Ciencias de la
Educación";Grado en Educación Infantil2019_2020;4,19;5579;"Facultad de Ciencias de la
Educación";Grado en Educación Primaria2019_2020;4,18;1490;"Facultad de Ciencias de la
Educación";Grado en Pedagogía2019_2020;3,75;378;Facultad de Ciencias del Trabajo;"Doble Grado en Finanzas y Contabilidad y
Relac. Laborales y Recurs. Humanos"2019_2020;3,97;1104;Facultad de Ciencias del Trabajo;"Grado en Relaciones Laborales y Recursos
Humanos"2019_2020;3,95;158;Facultad de Comunicación;"Doble Grado en Periodismo y Comunicación
Audiovisual"2019_2020;3,56;186;Facultad de Comunicación;"Doble Grado en Periodismo y Comunicación
Audiovisual (2016)"2019_2020;3,98;1590;Facultad de Comunicación;Grado en Comunicación Audiovisual2019_2020;3,91;2347;Facultad de Comunicación;Grado en Periodismo2019_2020;4,05;1547;Facultad de Comunicación;Grado en Publicidad y Relaciones Públicas2019_2020;3,81;296;Facultad de Derecho;"Doble Grado en Administración y Dirección
de Empresas y en Derecho"2019_2020;3,9;94;Facultad de Derecho;Doble Grado en Derecho y en Economía2019_2020;4,01;86;Facultad de Derecho;"Doble Grado en Derecho y en Finanzas y
Contabilidad"2019_2020;4,08;438;Facultad de Derecho;"Doble Grado en Derecho y Gestión y
Administración Pública"2019_2020;4,35;512;Facultad de Derecho;Grado en Criminología2019_2020;4,09;2599;Facultad de Derecho;Grado en Derecho2019_2020;4,29;848;Facultad de Farmacia;"Doble Grado en Farmacia y en Óptica y
Optometría"2019_2020;4,65;84;Facultad de Farmacia;"Doble Grado en Farmacia y en Óptica y
Optometría (2019)"2019_2020;4,37;6324;Facultad de Farmacia;Grado en Farmacia2019_2020;4,16;445;Facultad de Farmacia;Grado en Farmacia (2019)2019_2020;4,41;1241;Facultad de Farmacia;Grado en Óptica y Optometría2019_2020;3,54;136;Facultad de Filología;"Doble Grado en Educación Primaria y
Estudios Franceses"2019_2020;4,08;247;Facultad de Filología;"Doble Grado en Filología Clásica y Filología
Hispánica"2019_2020;3,64;29;Facultad de Filología;"Doble Grado en Lengua y Literatura
Alemanas y en Educación Primaria"2019_2020;4,35;185;Facultad de Filología;Grado en Estudios Árabes e Islámicos2019_2020;4,07;560;Facultad de Filología;Grado en Estudios Franceses2019_2020;3,99;1527;Facultad de Filología;Grado en Estudios Ingleses2019_2020;4,11;93;Facultad de Filología;Grado en Filología Clásica2019_2020;4,1;1258;Facultad de Filología;Grado en Filología Hispánica2019_2020;3,95;276;Facultad de Filología;Grado en Lengua y Literatura Alemanas2019_2020;4,16;589;Facultad de Filosofía;"Grado en Estudios de Asia Oriental por la
Unv.de Sevilla y la Unv.de Málaga"2019_2020;4,26;530;Facultad de Filosofía;Grado en Filosofía2019_2020;4,19;273;Facultad de Física;"Doble Grado en Física y en Ingeniería de
Materiales"2019_2020;4,11;277;Facultad de Física;Doble Grado en Física y Matemáticas2019_2020;4,21;149;Facultad de Física;"Doble Grado en Química y en Ingeniería de
Materiales"2019_2020;4,07;979;Facultad de Física;Grado en Física2019_2020;4,4;375;Facultad de Física;Grado en Ingeniería de Materiales2019_2020;3,93;520;Facultad de Geografía e Historia;"Doble Grado en Geografía y Gestión del
Territorio e Historia"2019_2020;4,24;368;Facultad de Geografía e Historia;Grado en Antropología Social y Cultural2019_2020;3,91;399;Facultad de Geografía e Historia;"Grado en Arqueología por la Unv. de
Granada, Unv. de Jaén y Unv.de Sevilla"2019_2020;4,06;513;Facultad de Geografía e Historia;Grado en Geografía y Gestión del Territorio2019_2020;4,16;1677;Facultad de Geografía e Historia;Grado en Historia2019_2020;4,09;1550;Facultad de Geografía e Historia;Grado en Historia del Arte2019_2020;3,86;138;Facultad de Matemáticas;Doble Grado en Física y Matemáticas2019_2020;3,86;257;Facultad de Matemáticas;Doble Grado en Matemáticas y Estadística2019_2020;3,68;55;Facultad de Matemáticas;Doble Grado Ingeniería Informática-Tecnologías Informáticas y Matemáticas2019_2020;3,99;178;Facultad de Matemáticas;Grado en Estadística2019_2020;4,02;754;Facultad de Matemáticas;Grado en Matemáticas2019_2020;4,08;1347;Facultad de Medicina;Grado en Biomedicina Básica y Experimental2019_2020;4,23;2782;Facultad de Medicina;Grado en Medicina2019_2020;4,22;1509;Facultad de Odontología;Grado en Odontología2019_2020;4,28;3501;Facultad de Psicología;Grado en Psicología2019_2020;3,98;173;Facultad de Química;"Doble Grado en Química y en Ingeniería de
Materiales"2019_2020;4,15;1695;Facultad de Química;Grado en Química2019_2020;4,24;224;Facultad de Turismo y Finanzas;"Doble Grado en Derecho y en Finanzas y
Contabilidad"2019_2020;4,12;342;Facultad de Turismo y Finanzas;"Doble Grado en Finanzas y Contabilidad y
Relac. Laborales y Recurs. Humanos"2019_2020;4,19;1992;Facultad de Turismo y Finanzas;Grado en Finanzas y Contabilidad2019_2020;4,27;2339;Facultad de Turismo y Finanzas;Grado en Turismo2019_2020;4,53;134;"Facultad Enfermería, Fisioter. y
Podolog";"Doble Grado en Fisioterapia y Ciencias de la
Actividad Física y del Deporte"2019_2020;4,29;2704;"Facultad Enfermería, Fisioter. y
Podolog";Grado en Enfermería2019_2020;4,39;1821;"Facultad Enfermería, Fisioter. y
Podolog";Grado en Fisioterapia2019_2020;4,29;2704;"Facultad Enfermería, Fisioter. y
Podolog";Grado en Enfermería2020_2021;4;58;Escuela Politécnica Superior;"Doble Grado en Ingeniería en Diseño Industrial y
Desarrollo del Producto e Ingeniería Mecánica"2020_2021;3,52;52;Escuela Politécnica Superior;"Doble Grado en Ingeniería Eléctrica e Ingeniería
Electrónica Industrial"2020_2021;3,8;32;Escuela Politécnica Superior;"Doble Grado en Ingeniería Eléctrica e Ingeniería
Mecánica"2020_2021;3,56;107;Escuela Politécnica Superior;Grado en Ingeniería Eléctrica2020_2021;3,51;122;Escuela Politécnica Superior;Grado en Ingeniería Electrónica Industrial2020_2021;4,11;312;Escuela Politécnica Superior;"Grado en Ingeniería en Diseño Industrial y
Desarrollo del Producto"2020_2021;3,65;282;Escuela Politécnica Superior;Grado en Ingeniería Mecánica2020_2021;3,85;220;Escuela Politécnica Superior;Grado en Ingeniería Química Industrial2020_2021;3,9;1.268;E.T.S. de Arquitectura;Grado en Fundamentos de Arquitectura2020_2021;4,11;478;E.T.S. de Ingeniería;Grado en Ingeniería Aeroespacial2020_2021;3,65;148;E.T.S. de Ingeniería;Grado en Ingeniería Civil2020_2021;3,74;223;E.T.S. de Ingeniería;Grado en Ingeniería de la Energía (US-UMA)2020_2021;4,01;390;E.T.S. de Ingeniería;"Grado en Ingeniería de las Tecnologías de
Telecomunicación"2020_2021;3,93;169;E.T.S. de Ingeniería;"Grado en Ingeniería de Organización Industrial
(UMA-US)"2020_2021;4,05;1.015;E.T.S. de Ingeniería;Grado en Ingeniería de Tecnologías Industriales2020_2021;3,87;312;E.T.S. de Ingeniería;"Grado en Ingeniería Electrónica, Robótica y
Mecatrónica (UMA-US)"2020_2021;4,23;85;E.T.S. de Ingeniería;Grado en Ingeniería Química2020_2021;2,16;2;E.T.S. de Ingeniería Agronómica;"Doble Grado en Ingeniería Agrícola (US) y Grado
Ciencias Ambientales (UPO)"2020_2021;4,3;545;E.T.S. de Ingeniería Agronómica;Grado en Ingeniería Agrícola2020_2021;3,97;208;E.T.S. de Ingeniería de Edificación;Grado en Edificación2020_2021;4,27;50;E.T.S. Ingeniería Informática;"Doble Grado Ingeniería Informática - Tecnologías
Informáticas y Matemáticas"2020_2021;4,16;359;E.T.S. Ingeniería Informática;Grado en Ingeniería de la Salud (UMA-US)2020_2021;3,97;214;E.T.S. Ingeniería Informática;"Grado en Ingeniería Informática - Ingeniería de
Computadores"2020_2021;3,73;1034;E.T.S. Ingeniería Informática;"Grado en Ingeniería Informática - Ingeniería del
Software"2020_2021;3,84;333;E.T.S. Ingeniería Informática;"Grado en Ingeniería Informática - Tecnologías
Informáticas"2020_2021;4,16;668;Facultad de Bellas Artes;Grado en Bellas Artes2020_2021;4,03;445;Facultad de Bellas Artes;"Grado en Conservación y Restauración de Bienes
Culturales"2020_2021;4,3;819;Facultad de Biología;Grado en Biología2020_2021;4;515;Facultad de Biología;Grado en Bioquímica (US-UMA)2020_2021;4,11;177;"Facultad de Ciencias Económicas y
Empresariales";"Doble Grado en Administración y Dirección de
Empresas y en Derecho"2020_2021;3,28;100;"Facultad de Ciencias Económicas y
Empresariales";Doble Grado en Derecho y en Economía2020_2021;3,93;839;"Facultad de Ciencias Económicas y
Empresariales";Grado en Administración y Dirección de Empresas2020_2021;3,82;332;"Facultad de Ciencias Económicas y
Empresariales";Grado en Economía2020_2021;3,8;415;"Facultad de Ciencias Económicas y
Empresariales";Grado en Marketing e Investigación de Mercados2020_2021;4,53;38;"Facultad de Ciencias de la
Educación";"Doble Grado en Educación Infantil y Educación
Primaria"2020_2021;4,03;166;"Facultad de Ciencias de la
Educación";"Doble Grado en Educación Primaria y Estudios
Franceses"2020_2021;4,46;37;"Facultad de Ciencias de la
Educación";"Doble Grado en Fisioterapia y Ciencias de la
Actividad Física y del Deporte"2020_2021;4,19;25;"Facultad de Ciencias de la
Educación";"Doble Grado en Lengua y Literatura Alemanas y en
Educación Primaria"2020_2021;4,12;451;"Facultad de Ciencias de la
Educación";"Grado en Ciencias de la Actividad Física y del
Deporte"2020_2021;4,13;1.153;"Facultad de Ciencias de la
Educación";Grado en Educación Infantil2020_2021;4,1;3.083;"Facultad de Ciencias de la
Educación";Grado en Educación Primaria2020_2021;4,04;568;"Facultad de Ciencias de la
Educación";Grado en Pedagogía2020_2021;3,84;107;Facultad de Ciencias del Trabajo;"Doble Grado en Finanzas y Contabilidad y
Relaciones Laborales y Recursos Humanos"2020_2021;4,1;622;Facultad de Ciencias del Trabajo;"Grado en Relaciones Laborales y Recursos
Humanos"2020_2021;3,56;201;Facultad de Comunicación;"Doble Grado en Periodismo y Comunicación
Audiovisual (2016)"2020_2021;4,09;1.050;Facultad de Comunicación;Grado en Comunicación Audiovisual2020_2021;3,74;1.134;Facultad de Comunicación;Grado en Periodismo2020_2021;4,02;612;Facultad de Comunicación;Grado en Publicidad y Relaciones Públicas2020_2021;4,2;184;Facultad de Derecho;"Doble Grado en Administración y Dirección de
Empresas y en Derecho"2020_2021;4,06;84;Facultad de Derecho;Doble Grado en Derecho y en Economía2020_2021;4,29;57;Facultad de Derecho;"Doble Grado en Derecho y en Finanzas y
Contabilidad"2020_2021;4,15;287;Facultad de Derecho;"Doble Grado en Derecho y Gestión y
Administración Pública"2020_2021;4,3;219;Facultad de Derecho;Grado en Criminología2020_2021;4,11;1.078;Facultad de Derecho;Grado en Derecho2020_2021;3,64;3;Facultad de Derecho;Grado en Gestión y Administración Pública2020_2021;4,17;146;Facultad de Farmacia;Doble Grado en Farmacia y en Óptica y Optometría2020_2021;3,52;27;Facultad de Farmacia;"Doble Grado en Farmacia y en Óptica y Optometría
(2019)"2020_2021;4,47;788;Facultad de Farmacia;Grado en Farmacia2020_2021;4,38;777;Facultad de Farmacia;Grado en Farmacia (2019)2020_2021;4,49;227;Facultad de Farmacia;Grado en Óptica y Optometría2020_2021;4,31;119;Facultad de Filología;"Doble Grado en Educación Primaria y Estudios
Franceses"2020_2021;4,13;317;Facultad de Filología;"Doble Grado en Filología Clásica y Filología
Hispánica"2020_2021;4,04;27;Facultad de Filología;"Doble Grado en Lengua y Literatura Alemanas y en
Educación Primaria"2020_2021;4,16;86;Facultad de Filología;Grado en Estudios Árabes e Islámicos2020_2021;4,2;417;Facultad de Filología;Grado en Estudios Franceses2020_2021;4,18;1.379;Facultad de Filología;Grado en Estudios Ingleses2020_2021;4,36;54;Facultad de Filología;Grado en Filología Clásica2020_2021;4,22;606;Facultad de Filología;Grado en Filología Hispánica2020_2021;4,14;188;Facultad de Filología;Grado en Lengua y Literatura Alemanas2020_2021;4,03;304;Facultad de Filosofía;Grado en Estudios de Asia Oriental (US-UMA)2020_2021;4,38;396;Facultad de Filosofía;Grado en Filosofía2020_2021;3,79;97;Facultad de Física;"Doble Grado en Física y en Ingeniería de
Materiales"2020_2021;4,01;67;Facultad de Física;Doble Grado en Física y Matemáticas2020_2021;3,93;34;Facultad de Física;"Doble Grado en Química y en Ingeniería de
Materiales"2020_2021;3,88;231;Facultad de Física;Grado en Física2020_2021;4,04;40;Facultad de Física;Grado en Ingeniería de Materiales2020_2021;4,04;97;Facultad de Geografía e Historia;"Doble Grado en Geografía y Gestión del Territorio
e Historia"2020_2021;4,15;160;Facultad de Geografía e Historia;Grado en Antropología Social y Cultural2020_2021;3,66;112;Facultad de Geografía e Historia;Grado en Arqueología (UGR-UJAEN-US)2020_2021;3,97;156;Facultad de Geografía e Historia;Grado en Geografía y Gestión del Territorio2020_2021;4,07;731;Facultad de Geografía e Historia;Grado en Historia2020_2021;4,07;630;Facultad de Geografía e Historia;Grado en Historia del Arte2020_2021;4,11;85;Facultad de Matemáticas;Doble Grado en Física y Matemáticas2020_2021;4,17;149;Facultad de Matemáticas;Doble Grado en Matemáticas y Estadística2020_2021;4,24;69;Facultad de Matemáticas;"Doble Grado Ingeniería Informática - Tecnologías
Informáticas y Matemáticas"2020_2021;4,07;66;Facultad de Matemáticas;Grado en Estadística2020_2021;4,03;486;Facultad de Matemáticas;Grado en Matemáticas2020_2021;4,02;383;Facultad de Medicina;Grado en Biomedicina Básica y Experimental2020_2021;4,29;1.541;Facultad de Medicina;Grado en Medicina2020_2021;4,22;312;Facultad de Odontología;Grado en Odontología2020_2021;4,45;1.578;Facultad de Psicología;Grado en Psicología2020_2021;3,6;19;Facultad de Química;"Doble Grado en Química y en Ingeniería de
Materiales"2020_2021;3,88;294;Facultad de Química;Grado en Química2020_2021;3,58;32;Facultad de Turismo y Finanzas;"Doble Grado en Derecho y en Finanzas y
Contabilidad"2020_2021;2,98;116;Facultad de Turismo y Finanzas;"Doble Grado en Finanzas y Contabilidad y
Relaciones Laborales y Recursos Humanos"2020_2021;4,08;623;Facultad de Turismo y Finanzas;Grado en Finanzas y Contabilidad2020_2021;4,32;601;Facultad de Turismo y Finanzas;Grado en Turismo2020_2021;4,54;48;"Facultad Enfermería, Fisioterapia y
Podología";"Doble Grado en Fisioterapia y Ciencias de la
Actividad Física y del Deporte"2020_2021;4,3;942;"Facultad Enfermería, Fisioterapia y
Podología";Grado en Enfermería2020_2021;4,4;533;"Facultad Enfermería, Fisioterapia y
Podología";Grado en Fisioterapia2020_2021;4,43;285;"Facultad Enfermería, Fisioterapia y
Podología";Grado en Podología2021_2022;4,66;127;Facultad de Filología;Grado en Estudios Árabes e Islámicos2021_2022;4,65;109;"Facultad de Ciencias de la
Educación";"Doble Grado en Lengua y Literatura
Alemanas y en Educación Primaria"2021_2022;4,64;64;Facultad de Geografía e Historia;"Grado en Antropología Social y Cultural
(2021)"2021_2022;4,63;111;E.T.S. de Ingeniería Agronómica;"Doble Grado en Ingeniería Agrícola (US)
y Grado Ciencias Ambientales (UPO)"2021_2022;4,63;693;"Facultad Enfermería, Fisioterapia y
Podología";Grado en Podología2021_2022;4,6;345;Facultad de Farmacia;"Doble Grado en Farmacia y en Óptica y
Optometría"2021_2022;4,6;1925;"Facultad Enfermería Fisioterapia y
Podología";Grado en Fisioterapia2021_2022;4,58;4499;Facultad de Biología;Grado en Biología2021_2022;4,56;324;Facultad de Farmacia;"Doble Grado en Farmacia y en Óptica y
Optometría (2019)"2021_2022;4,55;6346;Facultad de Farmacia;Grado en Farmacia (2019)2021_2022;4,54;252;Facultad de Química;"Doble Grado en Química y en Ingeniería
de Materiales"2021_2022;4,52;3407;Facultad de Medicina;Grado en Medicina2021_2022;4,51;206;Facultad de Filología;Grado en Lengua y Literatura Alemanas2021_2022;4,47;107;Facultad de Derecho;"Grado en Gestión y Administración
Pública"2021_2022;4,46;3033;Facultad de Farmacia;Grado en Farmacia2021_2022;4,46;43;Facultad de Filología;"Doble Grado en Lengua y Literatura
Alemanas y en Educación Primaria"2021_2022;4,45;194;Facultad de Derecho;"Doble Grado en Administración y
Dirección de Empresas y en Derecho"2021_2022;4,45;1277;Facultad de Geografía e Historia;Grado en Historia del Arte2021_2022;4,44;62;Facultad de Comunicación;"Doble Grado en Periodismo y
Comunicación Audiovisual"2021_2022;4,44;464;Facultad de Derecho;Grado en Criminología2021_2022;4,44;1357;Facultad de Farmacia;Grado en Óptica y Optometría2021_2022;4,44;676;Facultad de Filosofía;Grado en Filosofía2021_2022;4,44;108;Facultad de Física;"Doble Grado en Química y en Ingeniería
de Materiales"2021_2022;4,44;188;"Facultad Enfermería, Fisioterapia y
Podología";"Doble Grado en Fisioterapia y Ciencias
de la Actividad Física y del Deporte"2021_2022;4,44;2577;"Facultad Enfermería, Fisioterapia y
Podología";Grado en Enfermería2021_2022;4,43;62;Facultad de Derecho;Doble Grado en Derecho y en Filosofía2021_2022;4,42;3779;Facultad de Psicología;Grado en Psicología2021_2022;4,41;1996;"Facultad de Ciencias de la
Educación";Grado en Educación Infantil2021_2022;4,41;48;Facultad de Filosofía;Doble Grado en Derecho y en Filosofía2021_2022;4,4;2061;Facultad de Derecho;Grado en Derecho2021_2022;4,4;144;Facultad de Filología;Grado en Filología Clásica2021_2022;4,4;1938;Facultad de Odontología;Grado en Odontología2021_2022;4,39;2056;E.T.S. de Ingeniería de Edificación;Grado en Edificación2021_2022;4,39;98;Facultad de Derecho;"Doble Grado en Derecho y en Finanzas y
Contabilidad"2021_2022;4,39;552;Facultad de Filología;Grado en Estudios Franceses2021_2022;4,39;359;Facultad de Geografía e Historia;"Grado en Arqueología por la Unv. de
Granada, Unv. de Jaén y Unv.de Sevilla"2021_2022;4,38;3167;E.T.S. de Ingeniería Agronómica;Grado en Ingeniería Agrícola2021_2022;4,38;1076;Facultad de Biología;"Grado en Bioquímica por la Universidad
de Sevilla y Universidad de Málaga"2021_2022;4,38;1984;"Facultad de Ciencias de la
Educación";"Grado en Ciencias de la Actividad Física
y del Deporte"2021_2022;4,38;1733;"Facultad de Ciencias de la
Educación";Grado en Pedagogía2021_2022;4,38;1088;Facultad de Comunicación;"Grado en Publicidad y Relaciones
Públicas"2021_2022;4,38;123;Facultad de Matemáticas;Grado en Estadística2021_2022;4,38;2260;Facultad de Turismo y Finanzas;Grado en Turismo2021_2022;4,37;1252;Facultad de Filología;Grado en Filología Hispánica2021_2022;4,36;1993;Facultad de Turismo y Finanzas;Grado en Finanzas y Contabilidad2021_2022;4,35;4379;E.T.S. de Arquitectura;Grado en Fundamentos de Arquitectura2021_2022;4,35;921;E.T.S. Ingeniería Informática;Grado en Ingeniería Informática-Ingeniería de Computadores2021_2022;4,35;3387;"Facultad de CC. Económicas y
Empresariales";"Grado en Administración y Dirección de
Empresas"2021_2022;4,34;589;Facultad de Geografía e Historia;"Doble Grado en Geografía y Gestión del
Territorio e Historia"2021_2022;4,34;1251;Facultad de Matemáticas;Grado en Matemáticas2021_2022;4,34;1986;Facultad de Química;Grado en Química2021_2022;4,33;2047;Facultad de Bellas Artes;Grado en Bellas Artes2021_2022;4,33;6277;"Facultad de Ciencias de la
Educación";Grado en Educación Primaria2021_2022;4,33;126;Facultad de Ciencias del Trabajo;"Doble Grado en Finanzas y Contabilidad
y Relac. Laborales y Recurs. Humanos"2021_2022;4,32;1173;Facultad de Comunicación;Grado en Comunicación Audiovisual2021_2022;4,32;1240;Facultad de Medicina;"Grado en Biomedicina Básica y
Experimental"2021_2022;4,31;221;E.T.S. Ingeniería Informática;Doble Grado Ingeniería Informática-Tecnologías Informáticas y Matemáticas2021_2022;4,31;326;"Facultad de CC. Económicas y
Empresariales";Doble Grado en Derecho y en Economía2021_2022;4,31;251;Facultad de Filología;"Doble Grado en Filología Clásica y
Filología Hispánica"2021_2022;4,31;156;Facultad de Geografía e Historia;Grado en Antropología Social y Cultural2021_2022;4,3;2196;E.T.S. de Ingeniería;"Grado en Ingeniería de Tecnologías
Industriales"2021_2022;4,3;1403;"Facultad de CC. Económicas y
Empresariales";Grado en Economía2021_2022;4,29;848;Escuela Politécnica Superior;Grado en Ingeniería Química Industrial2021_2022;4,29;747;Facultad de Bellas Artes;"Grado en Conservación y Restauración de
Bienes Culturales"2021_2022;4,28;988;E.T.S. Ingeniería Informática;Grado en Ingeniería Informática-Tecnologías Informáticas2021_2022;4,27;485;"Facultad de CC. Económicas y
Empresariales";"Doble Grado en Administración y
Dirección de Empresas y en Derecho"2021_2022;4,27;770;Facultad de Física;Grado en Física2021_2022;4,27;292;Facultad de Física;Grado en Ingeniería de Materiales2021_2022;4,27;584;Facultad de Geografía e Historia;"Grado en Geografía y Gestión del
Territorio"2021_2022;4,26;462;E.T.S. de Ingeniería;Grado en Ingeniería Química2021_2022;4,26;1199;Facultad de Ciencias del Trabajo;"Grado en Relaciones Laborales y
Recursos Humanos"2021_2022;4,26;1851;Facultad de Filología;Grado en Estudios Ingleses2021_2022;4,24;1563;E.T.S. de Ingeniería;Grado en Ingeniería Aeroespacial2021_2022;4,23;135;Escuela Politécnica Superior;"Doble Grado en Ingeniería Eléctrica e
Ingeniería Electrónica Industrial"2021_2022;4,23;465;Escuela Politécnica Superior;Grado en Ingeniería Eléctrica2021_2022;4,23;1245;Escuela Politécnica Superior;"Grado en Ingeniería en Diseño Industrial
y Desarrollo del Producto"2021_2022;4,23;996;E.T.S. Ingeniería Informática;"Grado en Ingeniería de la Salud por la
Univ. de Málaga y la Univ.de Sevilla"2021_2022;4,22;593;E.T.S. de Ingeniería;"Grado en Ingeniería de Organización
Industrial por la U. Málaga y U.Sevilla"2021_2022;4,22;123;"Facultad de Ciencias de la
Educación";"Doble Grado en Educación Infantil y
Educación Primaria"2021_2022;4,21;411;E.T.S. de Ingeniería;Grado en Ingeniería Civil2021_2022;4,21;1265;"Facultad de CC. Económicas y
Empresariales";"Grado en Marketing e Investigación de
Mercados"2021_2022;4,21;304;Facultad de Física;"Doble Grado en Física y en Ingeniería de
Materiales"2021_2022;4,21;177;Facultad de Física;Doble Grado en Física y Matemáticas2021_2022;4,2;1031;E.T.S. de Ingeniería;"Grado en Ingeniería de las Tecnologías de
Telecomunicación"2021_2022;4,2;266;Facultad de Comunicación;"Doble Grado en Periodismo y
Comunicación Audiovisual (2016)"2021_2022;4,19;932;Escuela Politécnica Superior;Grado en Ingeniería Electrónica Industrial2021_2022;4,19;1365;Facultad de Geografía e Historia;Grado en Historia2021_2022;4,18;170;"Facultad de Ciencias de la
Educación";"Doble Grado en Fisioterapia y Ciencias
de la Actividad Física y del Deporte"2021_2022;4,17;582;Facultad de Filosofía;"Grado en Estudios de Asia Oriental por la
Unv.de Sevilla y la Unv.de Málaga"2021_2022;4,14;1317;Escuela Politécnica Superior;Grado en Ingeniería Mecánica2021_2022;4,13;107;Facultad de Filología;"Doble Grado en Educación Primaria y
Estudios Franceses"2021_2022;4,12;361;E.T.S. de Ingeniería;"Grado en Ingeniería de la Energía por la
Un. de Sevilla y la Un. de Málaga"2021_2022;4,12;1994;Facultad de Comunicación;Grado en Periodismo2021_2022;4,11;287;Escuela Politécnica Superior;"Doble Grado en Ing.en Diseño Ind.y
Desarrollo del Producto e Ing. Mecánica"2021_2022;4,11;3807;E.T.S. Ingeniería Informática;Grado en Ingeniería Informática-Ingeniería del Software2021_2022;4,1;210;Facultad de Matemáticas;"Doble Grado en Matemáticas y
Estadística"2021_2022;4,07;791;E.T.S. de Ingeniería;"Grado en Ingeniería Electrónica, Robótica
y Mecatrónica (UMA-US)"2021_2022;4,05;74;"Facultad de Ciencias de la
Educación";"Doble Grado en Educación Primaria y
Estudios Franceses"2021_2022;4,04;313;Facultad de Derecho;"Doble Grado en Derecho y Gestión y
Administración Pública"2021_2022;4,04;151;Facultad de Matemáticas;Doble Grado en Física y Matemáticas2021_2022;4,02;196;Escuela Politécnica Superior;"Doble Grado en Ingeniería Eléctrica e
Ingeniería Mecánica"2021_2022;4,02;398;Facultad de Turismo y Finanzas;"Doble Grado en Derecho y en Finanzas y
Contabilidad"2021_2022;3,94;142;Facultad de Matemáticas;Doble Grado Ingeniería Informática-Tecnologías Informáticas y Matemáticas2021_2022;3,92;93;Facultad de Derecho;Doble Grado en Derecho y en Economía2021_2022;3,9;151;Facultad de Turismo y Finanzas;"Doble Grado en Finanzas y Contabilidad
y Relaciones Laborales y Recursos
Humanos"
