Centro,Titulación,Hombre,Mujer,Total
F. DE BELLAS ARTES,Grado en Bellas Artes,228,577,805
F. DE BELLAS ARTES,Grado en Conservación y Restauración de Bienes Culturales,87,157,244
F. DE BELLAS ARTES,Total,315,734,1049
F. DE BIOLOGÍA,Grado en Biología,385,582,967
F. DE BIOLOGÍA,Grado en Bioquímica,70,163,233
F. DE BIOLOGÍA,Total,455,745,1200
F. DE CIENCIAS DE LA EDUCACIÓN,Grado en Ciencias de la Actividad Física y del Deporte,373,123,496
F. DE CIENCIAS DE LA EDUCACIÓN,Grado en Educación Infantil,21,683,704
F. DE CIENCIAS DE LA EDUCACIÓN,Grado en Educación Primaria,545,1667,2212
F. DE CIENCIAS DE LA EDUCACIÓN,Grado en Pedagogía,64,534,598
F. DE CIENCIAS DE LA EDUCACIÓN,Doble Grado en Educación Infantil y en Educación Primaria,2,30,32
F. DE CIENCIAS DE LA EDUCACIÓN,Total,1005,3037,4042
F. DE CIENCIAS DEL TRABAJO,Grado en Relaciones Laborales y Recursos Humanos,398,669,1067
F. DE CIENCIAS DEL TRABAJO,Doble Grado en Finanzas y Contabilidad y en Relaciones Laborales y Recursos Humanos,41,71,112
F. DE CIENCIAS DEL TRABAJO,Total,439,740,1179
F. DE CIENCIAS ECONÓMICAS Y EMPRESARIALES,Grado en Administración y Dirección de Empresas,1196,982,2178
F. DE CIENCIAS ECONÓMICAS Y EMPRESARIALES,Grado en Economía,392,386,778
F. DE CIENCIAS ECONÓMICAS Y EMPRESARIALES,Grado en Marketing e Investigación de Mercado,193,367,560
F. DE CIENCIAS ECONÓMICAS Y EMPRESARIALES,Doble Grado en Administración y Dirección de Empresas y en Derecho,188,284,472
F. DE CIENCIAS ECONÓMICAS Y EMPRESARIALES,Doble Grado en Derecho y en Economía,68,77,145
F. DE CIENCIAS ECONÓMICAS Y EMPRESARIALES,Total,2037,2096,4133
F. DE COMUNICACIÓN,Grado en Comunicación Audiovisual,242,348,590
F. DE COMUNICACIÓN,Grado en Periodismo,607,638,1245
F. DE COMUNICACIÓN,Grado en Publicidad y Relaciones Públicas,123,518,641
F. DE COMUNICACIÓN,Doble Grado en Periodismo y en Comunicación Audiovisual,27,60,87
F. DE COMUNICACIÓN,Total,999,1564,2563
F. DE DERECHO,Grado en Criminología,78,177,255
F. DE DERECHO,Grado en Derecho,923,1572,2495
F. DE DERECHO,Grado en Gestión y Administración Pública,6,12,18
F. DE DERECHO,Doble Grado en Administración y Dirección de Empresas y en Derecho,57,87,144
F. DE DERECHO,Doble Grado en Derecho y en Economía,20,25,45
F. DE DERECHO,Doble Grado en Derecho y en Filosofía,34,27,61
F. DE DERECHO,Doble Grado en Derecho y en Finanzas y Contabilidad,114,129,243
F. DE DERECHO,Doble Grado en Derecho y en Gestión y Administración Pública,65,80,145
F. DE DERECHO,Total,1297,2109,3406
F. DE ENFERMERÍA FISIOTERAPIA Y PODOLOGÍA,Grado en Enfermería,211,946,1157
F. DE ENFERMERÍA FISIOTERAPIA Y PODOLOGÍA,Grado en Fisioterapia,177,180,357
F. DE ENFERMERÍA FISIOTERAPIA Y PODOLOGÍA,Grado en Podología,51,205,256
F. DE ENFERMERÍA FISIOTERAPIA Y PODOLOGÍA,Doble Grado en Fisioterapia y en Ciencias de la Actividad Física y del Deporte,38,18,56
F. DE ENFERMERÍA FISIOTERAPIA Y PODOLOGÍA,Total,477,1349,1826
F. DE FARMACIA,Grado en Farmacia,52,99,151
F. DE FARMACIA,Grado en Farmacia (2019),370,1073,1443
F. DE FARMACIA,Grado en Óptica y Optometría,47,167,214
F. DE FARMACIA,Doble Grado en Farmacia y en Óptica y Optometría,7,8,15
F. DE FARMACIA,Doble Grado en Farmacia y en Óptica y Optometría (2019),24,65,89
F. DE FARMACIA,Total,500,1412,1912
F. DE FILOLOGÍA,Grado en Estudios Árabes e Islámicos,18,36,54
F. DE FILOLOGÍA,Grado en Estudios Franceses,47,183,230
F. DE FILOLOGÍA,Grado en Estudios Ingleses,166,567,733
F. DE FILOLOGÍA,Grado en Filología Clásica,33,102,135
F. DE FILOLOGÍA,Grado en Filología Hispánica,137,467,604
F. DE FILOLOGÍA,Grado en Lengua y Literatura Alemanas,20,47,67
F. DE FILOLOGÍA,Doble Grado en Educación Primaria y en Estudios Franceses,3,71,74
F. DE FILOLOGÍA,Doble Grado en Lengua y Literatura Alemanas y en Educación Primaria,14,43,57
F. DE FILOLOGÍA,Doble Grado en Filología Clásica y en Filología Hispánica,18,73,91
F. DE FILOLOGÍA,Total,456,1589,2045
F. DE FILOSOFÍA,Grado en Estudios de Asia Oriental,66,200,266
F. DE FILOSOFÍA,Grado en Filosofía,189,126,315
F. DE FILOSOFÍA,Total,255,326,581
F. DE FÍSICA,Grado en Física,333,115,448
F. DE FÍSICA,Grado en Ingeniería de Materiales,104,45,149
F. DE FÍSICA,Doble Grado en Física y en Ingeniería de Materiales,66,27,93
F. DE FÍSICA,Total,503,187,690
F. DE GEOGRAFÍA E HISTORIA,Grado en Antropología Social y Cultural,29,57,86
F. DE GEOGRAFÍA E HISTORIA,Grado en Antropología Social y Cultural (2021),44,54,98
F. DE GEOGRAFÍA E HISTORIA,Grado en Arqueología,71,90,161
F. DE GEOGRAFÍA E HISTORIA,Grado en Geografía y Gestión del Territorio,128,44,172
F. DE GEOGRAFÍA E HISTORIA,Grado en Historia,509,297,806
F. DE GEOGRAFÍA E HISTORIA,Grado en Historia del Arte,244,485,729
F. DE GEOGRAFÍA E HISTORIA,Doble Grado en Geografía y Gestión del Territorio y en Historia,100,36,136
F. DE GEOGRAFÍA E HISTORIA,Total,1125,1063,2188
F. DE MATEMÁTICAS,Grado en Estadística,73,90,163
F. DE MATEMÁTICAS,Grado en Matemáticas,424,310,734
F. DE MATEMÁTICAS,Doble Grado en Matemáticas y en Estadística,84,61,145
F. DE MATEMÁTICAS,Doble Grado en Física y en Matemáticas,80,26,106
F. DE MATEMÁTICAS,Doble Grado en Ingeniería Informática - Tecnologías Informáticas y Matemáticas,86,22,108
F. DE MATEMÁTICAS,Total,747,509,1256
F. DE MEDICINA,Grado en Biomedicina Básica y Experimental,51,134,185
F. DE MEDICINA,Grado en Medicina,575,1251,1826
F. DE MEDICINA,Total,626,1385,2011
F. DE ODONTOLOGÍA,Grado en Odontología,108,355,463
F. DE ODONTOLOGÍA,Total,108,355,463
F. DE PSICOLOGÍA,Grado en Psicología,187,998,1185
F. DE PSICOLOGÍA,Total,187,998,1185
F. DE QUÍMICA,Grado en Química,264,401,665
F. DE QUÍMICA,Doble Grado en Química y en Ingeniería de Materiales,49,28,77
F. DE QUÍMICA,Total,313,429,742
F. DE TURISMO Y FINANZAS,Grado en Finanzas y Contabilidad,791,583,1374
F. DE TURISMO Y FINANZAS,Grado en Turismo,307,614,921
F. DE TURISMO Y FINANZAS,Doble Grado en Derecho y en Finanzas y Contabilidad,0,2,2
F. DE TURISMO Y FINANZAS,Doble Grado en Finanzas y Contabilidad y en Relaciones Laborales y Recursos Humanos,36,65,101
F. DE TURISMO Y FINANZAS,Total,1134,1264,2398
E.T.S. DE ARQUITECTURA,Grado en Fundamentos de Arquitectura,708,866,1574
E.T.S. DE ARQUITECTURA,Total,708,866,1574
E.T.S. DE INGENIERÍA,Grado en Ingeniería Aeroespacial,513,204,717
E.T.S. DE INGENIERÍA,Grado en Ingeniería Civil,216,96,312
E.T.S. DE INGENIERÍA,Grado en Ingeniería de la Energía,289,100,389
E.T.S. DE INGENIERÍA,Grado en Ingeniería de las Tecnologías de la Telecomunicación,556,131,687
E.T.S. DE INGENIERÍA,Grado en Ingeniería de Organización Industrial,223,111,334
E.T.S. DE INGENIERÍA,Grado en Ingeniería de Tecnologías Industriales,1086,388,1474
E.T.S. DE INGENIERÍA,Grado en Ingeniería Electrónica Robótica y Mecatrónica,295,66,361
E.T.S. DE INGENIERÍA,Grado en Ingeniería Química,163,146,309
E.T.S. DE INGENIERÍA,Total,3341,1242,4583
E.T.S. DE INGENIERÍA AGRONÓMICA,Grado en Ingeniería Agrícola,610,242,852
E.T.S. DE INGENIERÍA AGRONÓMICA,Doble Grado en Ingeniería Agrícola (USE) y en Ciencias Ambientales (UPO),40,39,79
E.T.S. DE INGENIERÍA AGRONÓMICA,Total,650,281,931
E.T.S. DE INGENIERÍA DE EDIFICACIÓN,Grado en Edificación,375,275,650
E.T.S. DE INGENIERÍA DE EDIFICACIÓN,Total,375,275,650
E.T.S. DE INGENIERÍA INFORMÁTICA,Grado en Ingeniería Informática - Ingeniería de Computadores,454,54,508
E.T.S. DE INGENIERÍA INFORMÁTICA,Grado en Ingeniería Informática - Ingeniería del Software,1051,173,1224
E.T.S. DE INGENIERÍA INFORMÁTICA,Grado en Ingeniería Informática - Tecnologías Informáticas,615,118,733
E.T.S. DE INGENIERÍA INFORMÁTICA,Grado en Ingeniería de la Salud,132,181,313
E.T.S. DE INGENIERÍA INFORMÁTICA,Total,2252,526,2778
E. POLITÉCNICA SUPERIOR,Grado en Ingeniería del Diseño Industrial y Desarrollo del Producto,248,395,643
E. POLITÉCNICA SUPERIOR,Grado en Ingeniería Eléctrica,257,46,303
E. POLITÉCNICA SUPERIOR,Grado en Ingeniería Electrónica Industrial,418,76,494
E. POLITÉCNICA SUPERIOR,Grado en Ingeniería Mecánica,549,71,620
E. POLITÉCNICA SUPERIOR,Grado en Ingeniería Química Industrial,145,137,282
E. POLITÉCNICA SUPERIOR,Doble Grado en Diseño Industrial y Desarrollo del Producto e Ingeniería Mecánica,73,59,132
E. POLITÉCNICA SUPERIOR,Doble Grado en Ingeniería Eléctrica e Ingeniería Electrónica Industrial,89,20,109
E. POLITÉCNICA SUPERIOR,Doble Grado en Ingeniería Eléctrica e Ingeniería Mecánica,109,10,119
E. POLITÉCNICA SUPERIOR,Total,1888,814,2702
CENTRO DE ESTUDIOS UNIVERSITARIOS "CARDENAL SPÍNOLA",Grado en Educación Infantil,16,291,307
CENTRO DE ESTUDIOS UNIVERSITARIOS "CARDENAL SPÍNOLA",Grado en Educación Primaria,165,333,498
CENTRO DE ESTUDIOS UNIVERSITARIOS "CARDENAL SPÍNOLA",Grado en Ciencias de la Actividad Física y del Deporte,310,55,365
CENTRO DE ESTUDIOS UNIVERSITARIOS "CARDENAL SPÍNOLA",Grado en Derecho,78,90,168
CENTRO DE ESTUDIOS UNIVERSITARIOS "CARDENAL SPÍNOLA",Total,569,769,1338
CENTRO UNIVERSITARIO DE OSUNA,Grado en Administración y Dirección de Empresas,18,10,28
CENTRO UNIVERSITARIO DE OSUNA,Grado en Ciencias de la Actividad Física y del Deporte,248,54,302
CENTRO UNIVERSITARIO DE OSUNA,Grado en Educación Infantil,26,207,233
CENTRO UNIVERSITARIO DE OSUNA,Grado en Educación Primaria,121,168,289
CENTRO UNIVERSITARIO DE OSUNA,Grado en Enfermería,43,255,298
CENTRO UNIVERSITARIO DE OSUNA,Grado en Finanzas y Contabilidad,37,40,77
CENTRO UNIVERSITARIO DE OSUNA,Grado en Fisioterapia,141,150,291
CENTRO UNIVERSITARIO DE OSUNA,Grado en Relaciones Laborales y Recursos Humanos,11,31,42
CENTRO UNIVERSITARIO DE OSUNA,Doble Grado en Educación Infantil y en Educación Primaria,2,10,12
CENTRO UNIVERSITARIO DE OSUNA,Doble Grado en Finanzas y Contabilidad y en Relaciones Laborales y Recursos Humanos,13,18,31
CENTRO UNIVERSITARIO DE OSUNA,Doble Grado en Fisioterapia y en Ciencias de la Actividad Física y del Deporte,34,13,47
CENTRO UNIVERSITARIO DE OSUNA,Total,694,956,1650
CENTRO DE ENFERMERÍA "CRUZ ROJA",Grado en Enfermería,47,223,270
CENTRO DE ENFERMERÍA "CRUZ ROJA",Total,47,223,270
CENTRO DE ENFERMERÍA "SAN JUAN DE DIOS",Grado en Enfermería,25,140,165
CENTRO DE ENFERMERÍA "SAN JUAN DE DIOS",Total,25,140,165
CENTRO UNIVERSITARIO EUSA,Grado en Comunicación Audiovisual,84,58,142
CENTRO UNIVERSITARIO EUSA,Grado en Periodismo,66,47,113
CENTRO UNIVERSITARIO EUSA,Grado en Publicidad y Relaciones Públicas,71,197,268
CENTRO UNIVERSITARIO EUSA,Grado en Turismo,10,13,23
CENTRO UNIVERSITARIO EUSA,Doble Grado en Periodismo y en Comunicación Audiovisual,5,11,16
CENTRO UNIVERSITARIO EUSA,Total,236,326,562