Cod_Centro,Cod_Titulacion,Titulacion,Año,Tasa_Rendimiento,Todo_aprobado_Rendimiento,Matriculados_Rendimiento,Tasa_Abandono,Alumnos_Abandonan,Matriculados_Abandono
1,151,Grado en Administración y Dirección de Empresas,2017_2018,0.5526591289782244,63348,114624,0.311284046692607,160,514
1,151,Grado en Administración y Dirección de Empresas,2018_2019,0.5704945692291469,64920,113796,0.3652694610778443,183,501
1,151,Grado en Administración y Dirección de Empresas,2019_2020,0.6848913704461275,74334,108534,0.37067209775967414,182,491
1,151,Grado en Administración y Dirección de Empresas,2020_2021,0.5790202342917998,65244,112680,0.38742393509127787,191,493
1,151,Grado en Administración y Dirección de Empresas,2021_2022,0.5328775172266439,59856,112326,0.374749498997996,187,499
1,151,Grado en Administración y Dirección de Empresas,2022_2023,0.5468067401705846,63084,115368,0.4065040650406504,200,492
1,151,Grado en Administración y Dirección de Empresas,2023_2024,0.5859557999796313,69042,117828,0.37916666666666665,182,480
5,153,Grado en Biología,2017_2018,0.7683500306685749,45096,58692,0.15,33,220
5,153,Grado en Biología,2018_2019,0.7514696276943175,41418,55116,0.16517857142857142,37,224
5,153,Grado en Biología,2019_2020,0.8025889967637541,43152,53766,0.17452830188679244,37,212
5,153,Grado en Biología,2020_2021,0.7578363698087587,40182,53022,0.19597989949748743,39,199
5,153,Grado en Biología,2021_2022,0.7305172010297215,37458,51276,0.0845771144278607,17,201
5,153,Grado en Biología,2022_2023,0.7554479418886199,39312,52038,0.18536585365853658,38,205
5,153,Grado en Biología,2023_2024,0.7615784237868907,41340,54282,0.1407766990291262,29,206
18,154,Grado en Ciencias de la Actividad Física y del Deporte,2017_2018,0.892202659001078,14898,16698,0.07936507936507936,5,63
18,154,Grado en Ciencias de la Actividad Física y del Deporte,2018_2019,0.8574429771908764,17142,19992,0.10344827586206896,6,58
18,154,Grado en Ciencias de la Actividad Física y del Deporte,2019_2020,0.9125805547772485,19542,21414,0.10294117647058823,7,68
18,154,Grado en Ciencias de la Actividad Física y del Deporte,2020_2021,0.8751545117428925,21240,24270,0.07894736842105263,6,76
18,154,Grado en Ciencias de la Actividad Física y del Deporte,2021_2022,0.8728833770569998,21960,25158,0.08943089430894309,11,123
18,154,Grado en Ciencias de la Actividad Física y del Deporte,2022_2023,0.8740359897172236,22440,25674,0.15079365079365079,19,126
18,154,Grado en Ciencias de la Actividad Física y del Deporte,2023_2024,0.882940108892922,17514,19836,0.1322314049586777,16,121
20,155,Grado en Derecho,2017_2018,0.7153030874282602,102450,143226,0.15717092337917485,80,509
20,155,Grado en Derecho,2018_2019,0.7078918133652368,99405,140424,0.11023622047244094,56,508
20,155,Grado en Derecho,2019_2020,0.8145335021209497,110028,135081,0.1611785095320624,93,577
20,155,Grado en Derecho,2020_2021,0.7265823348625896,97875,134706,0.14414414414414414,80,555
20,155,Grado en Derecho,2021_2022,0.674574852409904,91869,136188,0.14466546112115733,80,553
20,155,Grado en Derecho,2022_2023,0.6963706429209031,95955,137793,0.15976331360946747,81,507
20,155,Grado en Derecho,2023_2024,0.7095234053388787,100311,141378,0.14481409001956946,74,511
1,156,Grado en Economía,2017_2018,0.5821819914244879,21996,37782,0.3263888888888889,47,144
1,156,Grado en Economía,2018_2019,0.5543583145706015,20682,37308,0.3333333333333333,50,150
1,156,Grado en Economía,2019_2020,0.6781259993604093,25446,37524,0.3170731707317073,52,164
1,156,Grado en Economía,2020_2021,0.6218247407184728,24822,39918,0.391025641025641,61,156
1,156,Grado en Economía,2021_2022,0.5472289499928765,23046,42114,0.28402366863905326,48,169
1,156,Grado en Economía,2022_2023,0.6145203111495247,25596,41652,0.27439024390243905,45,164
1,156,Grado en Economía,2023_2024,0.6374530753681779,26490,41556,0.31097560975609756,51,164
11,157,Grado en Enfermería,2017_2018,0.8592270854215391,46290,53874,0.19246861924686193,46,239
11,157,Grado en Enfermería,2018_2019,0.8521706385496799,47523,55767,0.204,51,250
11,157,Grado en Enfermería,2019_2020,0.801463811330984,44349,55335,0.2145748987854251,53,247
11,157,Grado en Enfermería,2020_2021,0.8990805957309532,50166,55797,0.2550607287449393,63,247
11,157,Grado en Enfermería,2021_2022,0.8797112219980889,49716,56514,0.17716535433070865,45,254
11,157,Grado en Enfermería,2022_2023,0.8763095114614666,50691,57846,0.24621212121212122,65,264
11,157,Grado en Enfermería,2023_2024,0.8818432623502026,61371,69594,0.21722846441947566,58,267
16,159,Grado en Filología Hispánica,2017_2018,0.6483471912390996,19182,29586,0.24545454545454545,27,110
16,159,Grado en Filología Hispánica,2018_2019,0.592934564431955,17724,29892,0.35833333333333334,43,120
16,159,Grado en Filología Hispánica,2019_2020,0.7291242362525459,21480,29460,0.3028169014084507,43,142
16,159,Grado en Filología Hispánica,2020_2021,0.6052784785561809,18714,30918,0.3828125,49,128
16,159,Grado en Filología Hispánica,2021_2022,0.5575966322234979,17484,31356,0.29457364341085274,38,129
16,159,Grado en Filología Hispánica,2022_2023,0.6077545642763034,19374,31878,0.3884297520661157,47,121
16,159,Grado en Filología Hispánica,2023_2024,0.6416217221498978,20700,32262,0.2878787878787879,38,132
12,160,Grado en Filosofía,2017_2018,0.6508058326937836,10176,15636,0.45054945054945056,41,91
12,160,Grado en Filosofía,2018_2019,0.7112647417649451,10494,14754,0.35,28,80
12,160,Grado en Filosofía,2019_2020,0.7766837337534462,11832,15234,0.3013698630136986,22,73
12,160,Grado en Filosofía,2020_2021,0.7273726639794796,11910,16374,0.22388059701492538,15,67
12,160,Grado en Filosofía,2021_2022,0.7303578015492438,11880,16266,0.4153846153846154,27,65
12,160,Grado en Filosofía,2022_2023,0.7166666666666667,516,720,0.39436619718309857,28,71
12,160,Grado en Filosofía,2023_2024,0.4,96,240,0.9620253164556962,76,79
7,161,Grado en Finanzas y Contabilidad,2017_2018,0.5098748075249381,45696,89622,0.44776119402985076,210,469
7,161,Grado en Finanzas y Contabilidad,2018_2019,0.5070960305453498,42234,83286,0.45098039215686275,207,459
7,161,Grado en Finanzas y Contabilidad,2019_2020,0.5617323337055352,42258,75228,0.4731934731934732,203,429
7,161,Grado en Finanzas y Contabilidad,2020_2021,0.4859290054365206,36468,75048,0.5121359223300971,211,412
7,161,Grado en Finanzas y Contabilidad,2021_2022,0.43134704495569465,31836,73806,0.5037783375314862,200,397
7,161,Grado en Finanzas y Contabilidad,2022_2023,0.4465180577155694,31008,69444,0.5511363636363636,194,352
7,161,Grado en Finanzas y Contabilidad,2023_2024,0.48017278617710585,33348,69450,0.5125786163522013,163,318
6,162,Grado en Física,2017_2018,0.634215258155664,14814,23358,0.32673267326732675,33,101
6,162,Grado en Física,2018_2019,0.6623762376237624,16056,24240,0.29357798165137616,32,109
6,162,Grado en Física,2019_2020,0.6805555555555556,15582,22896,0.19658119658119658,23,117
6,162,Grado en Física,2020_2021,0.6192232055063913,15114,24408,0.32727272727272727,36,110
6,162,Grado en Física,2021_2022,0.6265682656826568,15282,24390,0.21929824561403508,25,114
6,162,Grado en Física,2022_2023,0.631762652705061,15204,24066,0.21568627450980393,22,102
6,162,Grado en Física,2023_2024,0.6639242084268262,15978,24066,0.29347826086956524,27,92
11,163,Grado en Fisioterapia,2017_2018,0.856480837851615,18482,21579,0.2079207920792079,21,101
11,163,Grado en Fisioterapia,2018_2019,0.865974025974026,18337,21175,0.24778761061946902,28,113
11,163,Grado en Fisioterapia,2019_2020,0.905859842143028,18937,20905,0.3391304347826087,39,115
11,163,Grado en Fisioterapia,2020_2021,0.8882933849436753,17900,20151,0.25,25,100
11,163,Grado en Fisioterapia,2021_2022,0.862248811167357,16863,19557,0.2,24,120
11,163,Grado en Fisioterapia,2022_2023,0.8534079819199754,16615,19469,0.34,34,100
11,163,Grado en Fisioterapia,2023_2024,0.8367725132725634,16707,19966,0.24166666666666667,29,120
4,164,Grado en Geografia y Gestión del Territorio,2017_2018,0.6556354916067146,8202,12510,0.1935483870967742,12,62
4,164,Grado en Geografia y Gestión del Territorio,2018_2019,0.6601887840088839,7134,10806,0.3,18,60
4,164,Grado en Geografia y Gestión del Territorio,2019_2020,0.7009287925696595,6792,9690,0.4098360655737705,25,61
4,164,Grado en Geografia y Gestión del Territorio,2020_2021,0.6787096774193548,6312,9300,0.3225806451612903,20,62
4,164,Grado en Geografia y Gestión del Territorio,2021_2022,0.6233685518955874,6018,9654,0.4318181818181818,19,44
4,164,Grado en Geografía y Gestión del Territorio,2022_2023,0.658952496954933,6492,9852,0.3548387096774194,11,31
4,164,Grado en Geografía y Gestión del Territorio,2023_2024,0.6617250673854448,5892,8904,0.5,25,50
4,166,Grado en Historia,2017_2018,0.65044121833191,27420,42156,0.27717391304347827,51,184
4,166,Grado en Historia,2018_2019,0.6462839711591791,27966,43272,0.3351063829787234,63,188
4,166,Grado en Historia,2019_2020,0.7391304347826086,33150,44850,0.20588235294117646,35,170
4,166,Grado en Historia,2020_2021,0.6691801480669043,29286,43764,0.30357142857142855,51,168
4,166,Grado en Historia,2021_2022,0.628755659212512,27498,43734,0.2222222222222222,40,180
4,166,Grado en Historia,2022_2023,0.6415679639029893,27300,42552,0.26136363636363635,46,176
4,166,Grado en Historia,2023_2024,0.6566112207499295,27948,42564,0.25287356321839083,44,174
4,167,Grado en Historia del Arte,2017_2018,0.6196477376252657,24486,39516,0.43548387096774194,81,186
4,167,Grado en Historia del Arte,2018_2019,0.6303666562206205,24138,38292,0.42934782608695654,79,184
4,167,Grado en Historia del Arte,2019_2020,0.7186009538950715,27120,37740,0.358695652173913,66,184
4,167,Grado en Historia del Arte,2020_2021,0.6430538555691554,25218,39216,0.41040462427745666,71,173
4,167,Grado en Historia del Arte,2021_2022,0.5954394442766536,23658,39732,0.36470588235294116,62,170
4,167,Grado en Historia del Arte,2022_2023,0.5565134099616859,20916,37584,0.3977272727272727,70,176
4,167,Grado en Historia del Arte,2023_2024,0.5846334507632948,20910,35766,0.34594594594594597,64,185
17,171,Grado en Matemáticas,2017_2018,0.6471074380165289,18792,29040,0.3533834586466165,47,133
17,171,Grado en Matemáticas,2018_2019,0.6341897233201581,19254,30360,0.2647058823529412,36,136
17,171,Grado en Matemáticas,2019_2020,0.7228385279098433,24630,34074,0.20945945945945946,31,148
17,171,Grado en Matemáticas,2020_2021,0.6278841433480609,23022,36666,0.2413793103448276,35,145
17,171,Grado en Matemáticas,2021_2022,0.6769792162462319,25602,37818,0.13013698630136986,19,146
17,171,Grado en Matemáticas,2022_2023,0.6664112779650628,26094,39156,0.21774193548387097,27,124
17,171,Grado en Matemáticas,2023_2024,0.6949745083758194,28626,41190,0.20588235294117646,28,136
18,174,Grado en Pedagogía,2017_2018,0.9119674185463659,34932,38304,0.14285714285714285,30,210
18,174,Grado en Pedagogía,2018_2019,0.9046534331272372,33360,36876,0.13142857142857142,23,175
18,174,Grado en Pedagogía,2019_2020,0.9296490930666215,32904,35394,0.1,15,150
18,174,Grado en Pedagogía,2020_2021,0.9294178258629573,32472,34938,0.15384615384615385,24,156
18,174,Grado en Pedagogía,2021_2022,0.8997424892703862,31446,34950,0.07894736842105263,12,152
18,174,Grado en Pedagogía,2022_2023,0.8984375,30360,33792,0.1503267973856209,23,153
18,174,Grado en Pedagogía,2023_2024,0.931735278791037,32184,34542,0.12418300653594772,19,153
11,175,Grado en Podología,2017_2018,0.7673003802281368,12108,15780,0.20588235294117646,14,68
11,175,Grado en Podología,2018_2019,0.7864854058376649,11802,15006,0.25316455696202533,20,79
11,175,Grado en Podología,2019_2020,0.8239520958083832,12384,15030,0.34285714285714286,24,70
11,175,Grado en Podología,2020_2021,0.8191318327974276,12228,14928,0.21428571428571427,15,70
11,175,Grado en Podología,2021_2022,0.78340825500613,11502,14682,0.32857142857142857,23,70
11,175,Grado en Podología,2022_2023,0.7744079767345243,11184,14442,0.36619718309859156,26,71
11,175,Grado en Podología,2023_2024,0.7944785276073619,10878,13692,0.2608695652173913,18,69
13,176,Grado en Psicología,2017_2018,0.8580718122702855,54630,63666,0.10452961672473868,30,287
13,176,Grado en Psicología,2018_2019,0.858826884684856,54204,63114,0.13011152416356878,35,269
13,176,Grado en Psicología,2019_2020,0.8914684786711967,56676,63576,0.1412639405204461,38,269
13,176,Grado en Psicología,2020_2021,0.8864612853094432,58182,65634,0.13307984790874525,35,263
13,176,Grado en Psicología,2021_2022,0.8557292148339961,55518,64878,0.14232209737827714,38,267
13,176,Grado en Psicología,2022_2023,0.8574302697759488,56256,65610,0.10357142857142858,29,280
13,176,Grado en Psicología,2023_2024,0.8743786714866697,58050,66390,0.148014440433213,41,277
22,177,Grado en Química,2017_2018,0.6092341910495839,23830,39115,0.22448979591836735,33,147
22,177,Grado en Química,2018_2019,0.6256475192816853,24457,39091,0.2662337662337662,41,154
22,177,Grado en Química,2019_2020,0.7099938687921521,26055,36697,0.38311688311688313,59,154
22,177,Grado en Química,2020_2021,0.5650461538461539,20659,36562,0.2866666666666667,43,150
22,177,Grado en Química,2021_2022,0.6022139921045134,22195,36856,0.1917808219178082,28,146
22,177,Grado en Química,2022_2023,0.5990535512053066,22216,37086,0.2971014492753623,41,138
22,177,Grado en Química,2023_2024,0.6271873494943009,23440,37374,0.2391304347826087,33,138
8,178,Grado en Relaciones Laborales y Recursos Humanos,2017_2018,0.6581993569131833,36846,55980,0.20087336244541484,46,229
8,178,Grado en Relaciones Laborales y Recursos Humanos,2018_2019,0.6305023026668095,35322,56022,0.2556053811659193,57,223
8,178,Grado en Relaciones Laborales y Recursos Humanos,2019_2020,0.7413887370147622,40680,54870,0.2318181818181818,51,220
8,178,Grado en Relaciones Laborales y Recursos Humanos,2020_2021,0.7000730003128585,40278,57534,0.22321428571428573,50,224
8,178,Grado en Relaciones Laborales y Recursos Humanos,2021_2022,0.5955476958285655,34350,57678,0.20361990950226244,45,221
8,178,Grado en Relaciones Laborales y Recursos Humanos,2022_2023,0.6060958831622394,34362,56694,0.25327510917030566,58,229
8,178,Grado en Relaciones Laborales y Recursos Humanos,2023_2024,0.6274468753271224,35964,57318,0.19004524886877827,42,221
7,179,Grado en Turismo,2017_2018,0.6484934243382721,46746,72084,0.27976190476190477,94,336
7,179,Grado en Turismo,2018_2019,0.6513664101883789,44190,67842,0.2588996763754045,80,309
7,179,Grado en Turismo,2019_2020,0.720328917313842,47304,65670,0.26936026936026936,80,297
7,179,Grado en Turismo,2020_2021,0.6821078664510606,43026,63078,0.32142857142857145,90,280
7,179,Grado en Turismo,2021_2022,0.5993550987505039,35688,59544,0.3020833333333333,87,288
7,179,Grado en Turismo,2022_2023,0.6040515653775322,31488,52128,0.35507246376811596,98,276
7,179,Grado en Turismo,2023_2024,0.6096895700740356,28164,46194,0.30633802816901406,87,284
1,180,Grado en Marketing e Investigación de Mercados,2017_2018,0.6892633228840125,21108,30624,0.3106060606060606,41,132
1,180,Grado en Marketing e Investigación de Mercados,2018_2019,0.7105729474305966,21654,30474,0.30708661417322836,39,127
1,180,Grado en Marketing e Investigación de Mercados,2019_2020,0.8114419147694104,25020,30834,0.34615384615384615,45,130
1,180,Grado en Marketing e Investigación de Mercados,2020_2021,0.7586206896551724,23496,30972,0.2366412213740458,31,131
1,180,Grado en Marketing e Investigación de Mercados,2021_2022,0.7419833178869324,24018,32370,0.2846715328467153,39,137
1,180,Grado en Marketing e Investigación de Mercados,2022_2023,0.765406427221172,24294,31740,0.20610687022900764,27,131
1,180,Grado en Marketing e Investigación de Mercados,2023_2024,0.8027129463395173,24144,30078,0.16176470588235295,22,136
16,181,Grado en Estudios Árabes e Islámicos,2017_2018,0.6537530266343826,3240,4956,0.5277777777777778,19,36
16,181,Grado en Estudios Árabes e Islámicos,2018_2019,0.6290726817042607,3012,4788,0.5517241379310345,16,29
16,181,Grado en Estudios Árabes e Islámicos,2019_2020,0.7734177215189874,3666,4740,0.45454545454545453,10,22
16,181,Grado en Estudios Árabes e Islámicos,2020_2021,0.7008426966292135,2994,4272,0.25,6,24
16,181,Grado en Estudios Árabes e Islámicos,2021_2022,0.5785953177257525,2076,3588,0.3333333333333333,6,18
16,181,Grado en Estudios Árabes e Islámicos,2022_2023,0.6825726141078838,1974,2892,0.47619047619047616,10,21
16,181,Grado en Estudios Árabes e Islámicos,2023_2024,0.5595854922279793,1296,2316,0.4166666666666667,10,24
16,182,Grado en Estudios Franceses,2017_2018,0.6023150062009095,8742,14514,0.4,28,70
16,182,Grado en Estudios Franceses,2018_2019,0.5961376994122586,8520,14292,0.44776119402985076,30,67
16,182,Grado en Estudios Franceses,2019_2020,0.7344841759145089,10722,14598,0.4918032786885246,30,61
16,182,Grado en Estudios Franceses,2020_2021,0.676731078904992,10086,14904,0.36619718309859156,26,71
16,182,Grado en Estudios Franceses,2021_2022,0.5731277533039647,7806,13620,0.3108108108108108,23,74
16,182,Grado en Estudios Franceses,2022_2023,0.5984962406015037,7164,11970,0.4117647058823529,28,68
16,182,Grado en Estudios Franceses,2023_2024,0.5574812247255921,5790,10386,0.3384615384615385,22,65
16,183,Grado en Estudios Ingleses,2017_2018,0.6702655383717537,27564,41124,0.3157894736842105,54,171
16,183,Grado en Estudios Ingleses,2018_2019,0.6920451172454735,27978,40428,0.33714285714285713,59,175
16,183,Grado en Estudios Ingleses,2019_2020,0.7997533528595653,31128,38922,0.1839080459770115,32,174
16,183,Grado en Estudios Ingleses,2020_2021,0.7104820198928845,27858,39210,0.2585034013605442,38,147
16,183,Grado en Estudios Ingleses,2021_2022,0.6657364341085271,25764,38700,0.2602739726027397,38,146
16,183,Grado en Estudios Ingleses,2022_2023,0.6959578207381371,26136,37554,0.18064516129032257,28,155
16,183,Grado en Estudios Ingleses,2023_2024,0.6822134387351778,25890,37950,0.23129251700680273,34,147
16,184,Grado en Filología Clásica,2017_2018,0.6888185654008439,3918,5688,0.6875,22,32
16,184,Grado en Filología Clásica,2018_2019,0.6503006012024048,3894,5988,0.5405405405405406,20,37
16,184,Grado en Filología Clásica,2019_2020,0.7214137214137214,4164,5772,0.4883720930232558,21,43
16,184,Grado en Filología Clásica,2020_2021,0.6485998193315267,4308,6642,0.5348837209302325,23,43
16,184,Grado en Filología Clásica,2021_2022,0.6506329113924051,4626,7110,0.55,22,40
16,184,Grado en Filología Clásica,2022_2023,0.6906854130052724,4716,6828,0.6764705882352942,23,34
16,184,Grado en Filología Clásica,2023_2024,0.6509207365892714,4878,7494,0.4358974358974359,17,39
16,185,Grado en Lengua y Literatura Alemanas,2017_2018,0.6586084905660378,6702,10176,0.3,18,60
16,185,Grado en Lengua y Literatura Alemanas,2018_2019,0.6299711815561959,6558,10410,0.3157894736842105,18,57
16,185,Grado en Lengua y Literatura Alemanas,2019_2020,0.7568013190436933,5508,7278,0.26666666666666666,12,45
16,185,Grado en Lengua y Literatura Alemanas,2020_2021,0.7109458023379384,4014,5646,0.40816326530612246,20,49
16,185,Grado en Lengua y Literatura Alemanas,2021_2022,0.6253196930946292,2934,4692,0.32432432432432434,12,37
16,185,Grado en Lengua y Literatura Alemanas,2022_2023,0.6485507246376812,2148,3312,0.5,23,46
16,185,Grado en Lengua y Literatura Alemanas,2023_2024,0.6303501945525292,1944,3084,0.47619047619047616,10,21
4,188,Grado en Antropología Social y Cultural,2017_2018,0.6515434985968195,8358,12828,0.5,32,64
4,188,Grado en Antropología Social y Cultural,2018_2019,0.6546463245492372,8496,12978,0.3548387096774194,22,62
4,188,Grado en Antropología Social y Cultural,2019_2020,0.6922707633221316,8652,12498,0.43103448275862066,25,58
4,188,Grado en Antropología Social y Cultural,2020_2021,0.6462128475551294,8088,12516,0.31746031746031744,20,63
4,188,Grado en Antropología Social y Cultural,2021_2022,0.6169491525423729,5460,8850,0.4107142857142857,23,56
4,188,Grado en Antropología Social y Cultural,2022_2023,0.6108786610878661,3504,5736,0.5666666666666667,34,60
4,188,Grado en Antropología Social y Cultural,2023_2024,0.5031645569620253,1908,3792,0.5806451612903226,36,62
21,190,Grado en Bellas Artes,2017_2018,0.8694584837545126,36126,41550,0.14444444444444443,26,180
21,190,Grado en Bellas Artes,2018_2019,0.8467443844185385,35736,42204,0.1891891891891892,35,185
21,190,Grado en Bellas Artes,2019_2020,0.8724482193413798,35130,40266,0.17613636363636365,31,176
21,190,Grado en Bellas Artes,2020_2021,0.8774457758228424,34710,39558,0.17297297297297298,32,185
21,190,Grado en Bellas Artes,2021_2022,0.8629832617390016,34956,40506,0.15254237288135594,27,177
21,190,Grado en Bellas Artes,2022_2023,0.8724004753416518,35238,40392,0.21311475409836064,39,183
21,190,Grado en Bellas Artes,2023_2024,0.8822510822510823,36684,41580,0.22282608695652173,41,184
2,192,Grado en Comunicación Audiovisual,2017_2018,0.8522918773171554,30345,35604,0.09219858156028368,13,141
2,192,Grado en Comunicación Audiovisual,2018_2019,0.8760438840674636,32100,36642,0.1,15,150
2,192,Grado en Comunicación Audiovisual,2019_2020,0.9130215343203231,32562,35664,0.10759493670886076,17,158
2,192,Grado en Comunicación Audiovisual,2020_2021,0.9166522566142141,31806,34698,0.12337662337662338,19,154
2,192,Grado en Comunicación Audiovisual,2021_2022,0.8978167501789549,30102,33528,0.0783132530120482,13,166
2,192,Grado en Comunicación Audiovisual,2022_2023,0.878749433620299,29091,33105,0.1610738255033557,24,149
2,192,Grado en Comunicación Audiovisual,2023_2024,0.8813871979339605,28668,32526,0.1503267973856209,23,153
21,193,Grado en Conservación y Restauración de Bienes Culturales,2017_2018,0.820137299771167,10752,13110,0.27419354838709675,17,62
21,193,Grado en Conservación y Restauración de Bienes Culturales,2018_2019,0.8323900740095778,11472,13782,0.2318840579710145,16,69
21,193,Grado en Conservación y Restauración de Bienes Culturales,2019_2020,0.8506224066390041,11070,13014,0.15254237288135594,9,59
21,193,Grado en Conservación y Restauración de Bienes Culturales,2020_2021,0.8662900188323918,11040,12744,0.3114754098360656,19,61
21,193,Grado en Conservación y Restauración de Bienes Culturales,2021_2022,0.8431183830606352,10512,12468,0.19047619047619047,12,63
21,193,Grado en Conservación y Restauración de Bienes Culturales,2022_2023,0.8517776664997496,10206,11982,0.3548387096774194,22,62
21,193,Grado en Conservación y Restauración de Bienes Culturales,2023_2024,0.8374064837905237,10074,12030,0.29508196721311475,18,61
18,194,Grado en Educación Infantil,2017_2018,0.9620758483033932,38560,40080,0.07142857142857142,17,238
18,194,Grado en Educación Infantil,2018_2019,0.9654681905135626,39366,40774,0.056818181818181816,10,176
18,194,Grado en Educación Infantil,2019_2020,0.9812732202028316,39090,39836,0.08241758241758242,15,182
18,194,Grado en Educación Infantil,2020_2021,0.9823578554228709,39980,40698,0.02717391304347826,5,184
18,194,Grado en Educación Infantil,2021_2022,0.9772371255140004,39926,40856,0.04918032786885246,9,183
18,194,Grado en Educación Infantil,2022_2023,0.9775993656457528,39452,40356,0.05,9,180
18,194,Grado en Educación Infantil,2023_2024,0.9722032908188103,39942,41084,0.043478260869565216,8,184
18,195,Grado en Educación Primaria,2017_2018,0.8640737724660786,113004,130780,0.13070866141732285,83,635
18,195,Grado en Educación Primaria,2018_2019,0.8598462808094407,113047,131473,0.13333333333333333,76,570
18,195,Grado en Educación Primaria,2019_2020,0.9361361530036229,122221,130559,0.10805860805860806,59,546
18,195,Grado en Educación Primaria,2020_2021,0.9140592864781858,116665,127634,0.0703125,36,512
18,195,Grado en Educación Primaria,2021_2022,0.8888988083685906,114503,128815,0.10687022900763359,56,524
18,195,Grado en Educación Primaria,2022_2023,0.9035423610572824,116566,129010,0.0854368932038835,44,515
18,195,Grado en Educación Primaria,2023_2024,0.8975158037820951,116209,129478,0.08269230769230769,43,520
45,197,Grado en Ingeniería Aeroespacial,2017_2018,0.6626472349770414,24894,37567,0.16296296296296298,22,135
45,197,Grado en Ingeniería Aeroespacial,2018_2019,0.6469816272965879,24403,37719,0.15503875968992248,20,129
45,197,Grado en Ingeniería Aeroespacial,2019_2020,0.7080030840400925,34435,48637,0.1796875,23,128
45,197,Grado en Ingeniería Aeroespacial,2020_2021,0.6593835506196685,24580,37278,0.15503875968992248,20,129
45,197,Grado en Ingeniería Aeroespacial,2021_2022,0.6413161182840483,23097,36015,0.1015625,13,128
45,197,Grado en Ingeniería Aeroespacial,2022_2023,0.6540928919681807,22941,35073,0.17391304347826086,24,138
45,197,Grado en Ingeniería Aeroespacial,2023_2024,0.6718904244817374,24502,36468,0.19047619047619047,24,126
45,199,Grado en Ingeniería de las Tecnologías de Telecomunicación,2017_2018,0.573162583518931,23161,40410,0.34972677595628415,64,183
45,199,Grado en Ingeniería de las Tecnologías de Telecomunicación,2018_2019,0.5184111563773112,19851,38292,0.39869281045751637,61,153
45,199,Grado en Ingeniería de las Tecnologías de Telecomunicación,2019_2020,0.5612576797976148,23295,41505,0.2765957446808511,39,141
45,199,Grado en Ingeniería de las Tecnologías de Telecomunicación,2020_2021,0.5409408746741694,19611,36253,0.24603174603174602,31,126
45,199,Grado en Ingeniería de las Tecnologías de Telecomunicación,2021_2022,0.4895498727629219,17602,35956,0.3359375,43,128
45,199,Grado en Ingeniería de las Tecnologías de Telecomunicación,2022_2023,0.5261719283859505,17325,32926,0.4117647058823529,56,136
45,199,Grado en Ingeniería de las Tecnologías de Telecomunicación,2023_2024,0.5055621409683596,16633,32901,0.2692307692307692,35,130
23,200,Grado en Ingeniería Eléctrica,2017_2018,0.4730960264900662,6858,14496,0.29545454545454547,39,132
23,200,Grado en Ingeniería Eléctrica,2018_2019,0.5054191550541915,6855,13563,0.31496062992125984,40,127
23,200,Grado en Ingeniería Eléctrica,2019_2020,0.5666967102298333,7545,13314,0.36666666666666664,33,90
23,200,Grado en Ingeniería Eléctrica,2020_2021,0.44123192960402263,6318,14319,0.49295774647887325,35,71
23,200,Grado en Ingeniería Eléctrica,2021_2022,0.3720218579234973,5106,13725,0.5694444444444444,41,72
23,200,Grado en Ingeniería Eléctrica,2022_2023,0.4271000228885328,5598,13107,0.5645161290322581,35,62
23,200,Grado en Ingeniería Eléctrica,2023_2024,0.45618827484765706,6513,14277,0.4782608695652174,33,69
23,201,Grado en Ingeniería Electrónica Industrial,2017_2018,0.4673699705593719,11430,24456,0.40437158469945356,74,183
23,201,Grado en Ingeniería Electrónica Industrial,2018_2019,0.4818159628996827,11844,24582,0.35555555555555557,64,180
23,201,Grado en Ingeniería Electrónica Industrial,2019_2020,0.543319019954534,12906,23754,0.4496124031007752,58,129
23,201,Grado en Ingeniería Electrónica Industrial,2020_2021,0.4271981242672919,10932,25590,0.5925925925925926,64,108
23,201,Grado en Ingeniería Electrónica Industrial,2021_2022,0.3632583170254403,8910,24528,0.43103448275862066,50,116
23,201,Grado en Ingeniería Electrónica Industrial,2022_2023,0.36047745358090183,8154,22620,0.4722222222222222,51,108
23,201,Grado en Ingeniería Electrónica Industrial,2023_2024,0.398757120662869,9240,23172,0.5225225225225225,58,111
23,202,Grado en Ingeniería en Diseño Industrial y Desarrollo del Producto,2017_2018,0.5867914532933074,19938,33978,0.3006993006993007,43,143
23,202,Grado en Ingeniería en Diseño Industrial y Desarrollo del Producto,2018_2019,0.601842012043925,20388,33876,0.2597402597402597,40,154
23,202,Grado en Ingeniería en Diseño Industrial y Desarrollo del Producto,2019_2020,0.6975561006632143,23034,33021,0.23076923076923078,33,143
23,202,Grado en Ingeniería en Diseño Industrial y Desarrollo del Producto,2020_2021,0.6534508076358296,21360,32688,0.21929824561403508,25,114
23,202,Grado en Ingeniería en Diseño Industrial y Desarrollo del Producto,2021_2022,0.5602803295766644,17748,31677,0.2066115702479339,25,121
23,202,Grado en Ingeniería en Diseño Industrial y Desarrollo del Producto,2022_2023,0.571526084836665,17583,30765,0.211864406779661,25,118
23,202,Grado en Ingeniería en Diseño Industrial y Desarrollo del Producto,2023_2024,0.6056174334140436,18759,30975,0.14953271028037382,16,107
45,203,Grado en Ingeniería de Tecnologías Industriales,2017_2018,0.6320618821161473,48046,76015,0.16549295774647887,47,284
45,203,Grado en Ingeniería de Tecnologías Industriales,2018_2019,0.6354095184273201,47223,74319,0.17054263565891473,44,258
45,203,Grado en Ingeniería de Tecnologías Industriales,2019_2020,0.6700861048576137,86616,129261,0.14615384615384616,38,260
45,203,Grado en Ingeniería de Tecnologías Industriales,2020_2021,0.6368344608798685,49984,78489,0.23193916349809887,61,263
45,203,Grado en Ingeniería de Tecnologías Industriales,2021_2022,0.5847917108842882,45462,77740,0.14885496183206107,39,262
45,203,Grado en Ingeniería de Tecnologías Industriales,2022_2023,0.6050788780046422,46141,76257,0.15018315018315018,41,273
45,203,Grado en Ingeniería de Tecnologías Industriales,2023_2024,0.6052210461372356,47086,77800,0.1660377358490566,44,265
3,204,Grado en Ingeniería Informática-Ingeniería de Computadores,2017_2018,0.4619321817018554,8664,18756,0.6715328467153284,92,137
3,204,Grado en Ingeniería Informática-Ingeniería de Computadores,2018_2019,0.47980855518994914,9624,20058,0.6277372262773723,86,137
3,204,Grado en Ingeniería Informática-Ingeniería de Computadores,2019_2020,0.5455844527007716,11454,20994,0.5833333333333334,63,108
3,204,Grado en Ingeniería Informática-Ingeniería de Computadores,2020_2021,0.45741680767061477,9732,21276,0.6333333333333333,76,120
3,204,Grado en Ingeniería Informática-Ingeniería de Computadores,2021_2022,0.4810625986322988,10974,22812,0.5689655172413793,66,116
3,204,Grado en Ingeniería Informática-Ingeniería de Computadores,2022_2023,0.5149090909090909,12744,24750,0.5491803278688525,67,122
3,204,Grado en Ingeniería Informática-Ingeniería de Computadores,2023_2024,0.5414741474147414,14766,27270,0.5081967213114754,62,122
3,205,Grado en Ingeniería Informática-Ingeniería del Software,2017_2018,0.6711046390680258,38712,57684,0.32926829268292684,81,246
3,205,Grado en Ingeniería Informática-Ingeniería del Software,2018_2019,0.6741922536624524,40314,59796,0.35271317829457366,91,258
3,205,Grado en Ingeniería Informática-Ingeniería del Software,2019_2020,0.7719072164948454,46722,60528,0.2897959183673469,71,245
3,205,Grado en Ingeniería Informática-Ingeniería del Software,2020_2021,0.6964591661907481,43902,63036,0.31983805668016196,79,247
3,205,Grado en Ingeniería Informática-Ingeniería del Software,2021_2022,0.686593492747942,42036,61224,0.20168067226890757,48,238
3,205,Grado en Ingeniería Informática-Ingeniería del Software,2022_2023,0.7193369106937524,45042,62616,0.15352697095435686,37,241
3,205,Grado en Ingeniería Informática-Ingeniería del Software,2023_2024,0.7289632728963273,47040,64530,0.19230769230769232,45,234
3,206,Grado en Ingeniería Informática-Tecnologías Informáticas,2017_2018,0.5435598948554262,17370,31956,0.581151832460733,111,191
3,206,Grado en Ingeniería Informática-Tecnologías Informáticas,2018_2019,0.5311982330204307,17316,32598,0.56,98,175
3,206,Grado en Ingeniería Informática-Tecnologías Informáticas,2019_2020,0.6098714069591528,19350,31728,0.5304878048780488,87,164
3,206,Grado en Ingeniería Informática-Tecnologías Informáticas,2020_2021,0.5270292887029289,18894,35850,0.4484848484848485,74,165
3,206,Grado en Ingeniería Informática-Tecnologías Informáticas,2021_2022,0.5296554009277668,19182,36216,0.3660130718954248,56,153
3,206,Grado en Ingeniería Informática-Tecnologías Informáticas,2022_2023,0.5768923027684429,21630,37494,0.40268456375838924,60,149
3,206,Grado en Ingeniería Informática-Tecnologías Informáticas,2023_2024,0.6283687943262412,23922,38070,0.28,42,150
23,207,Grado en Ingeniería Mecánica,2017_2018,0.5207003089598352,15168,29130,0.22167487684729065,45,203
23,207,Grado en Ingeniería Mecánica,2018_2019,0.5266001662510391,15204,28872,0.30386740331491713,55,181
23,207,Grado en Ingeniería Mecánica,2019_2020,0.5986980260394792,17106,28572,0.2411764705882353,41,170
23,207,Grado en Ingeniería Mecánica,2020_2021,0.5050359712230216,14742,29190,0.39166666666666666,47,120
23,207,Grado en Ingeniería Mecánica,2021_2022,0.46626865671641793,14058,30150,0.319672131147541,39,122
23,207,Grado en Ingeniería Mecánica,2022_2023,0.48342880523731585,14178,29328,0.3157894736842105,36,114
23,207,Grado en Ingeniería Mecánica,2023_2024,0.5149640861931365,15486,30072,0.3669724770642202,40,109
45,208,Grado en Ingeniería Química,2017_2018,0.5431195643339023,10023,18454,0.35714285714285715,30,84
45,208,Grado en Ingeniería Química,2018_2019,0.5224958663301714,9006,17236,0.391304347826087,27,69
45,208,Grado en Ingeniería Química,2019_2020,0.6303877517057747,11364,18027,0.31746031746031744,20,63
45,208,Grado en Ingeniería Química,2020_2021,0.5165913244205059,8056,15595,0.25,15,60
45,208,Grado en Ingeniería Química,2021_2022,0.4543893129770992,7143,15720,0.3559322033898305,21,59
45,208,Grado en Ingeniería Química,2022_2023,0.5006278373418332,7774,15529,0.484375,31,64
45,208,Grado en Ingeniería Química,2023_2024,0.4989463601532567,7813,15660,0.3870967741935484,24,62
23,209,Grado en Ingeniería Química Industrial,2017_2018,0.4168627450980392,6378,15300,0.2833333333333333,34,120
23,209,Grado en Ingeniería Química Industrial,2018_2019,0.4234158623583718,6054,14298,0.3185840707964602,36,113
23,209,Grado en Ingeniería Química Industrial,2019_2020,0.5340715502555367,7524,14088,0.47619047619047616,40,84
23,209,Grado en Ingeniería Química Industrial,2020_2021,0.47758761206193967,7032,14724,0.4307692307692308,28,65
23,209,Grado en Ingeniería Química Industrial,2021_2022,0.4198943661971831,5724,13632,0.5161290322580645,32,62
23,209,Grado en Ingeniería Química Industrial,2022_2023,0.4475736568457539,6198,13848,0.4074074074074074,22,54
23,209,Grado en Ingeniería Química Industrial,2023_2024,0.47089262613195343,6552,13914,0.6818181818181818,45,66
2,210,Grado en Periodismo,2017_2018,0.7860552259445956,52863,67251,0.15412186379928317,43,279
2,210,Grado en Periodismo,2018_2019,0.7971033234191129,55476,69597,0.12318840579710146,34,276
2,210,Grado en Periodismo,2019_2020,0.8570823808314283,60738,70866,0.1696113074204947,48,283
2,210,Grado en Periodismo,2020_2021,0.8073489903804489,55896,69234,0.125,35,280
2,210,Grado en Periodismo,2021_2022,0.7795940607546655,51507,66069,0.10104529616724739,29,287
2,210,Grado en Periodismo,2022_2023,0.753755100210734,50433,66909,0.1701388888888889,49,288
2,210,Grado en Periodismo,2023_2024,0.7729836182973772,51810,67026,0.19444444444444445,56,288
2,211,Grado en Publicidad y Relaciones Públicas,2017_2018,0.8800509646887513,29010,32964,0.13138686131386862,18,137
2,211,Grado en Publicidad y Relaciones Públicas,2018_2019,0.8595860375372741,29403,34206,0.14492753623188406,20,138
2,211,Grado en Publicidad y Relaciones Públicas,2019_2020,0.905394631942599,30663,33867,0.10071942446043165,14,139
2,211,Grado en Publicidad y Relaciones Públicas,2020_2021,0.9016773733047823,30318,33624,0.11188811188811189,16,143
2,211,Grado en Publicidad y Relaciones Públicas,2021_2022,0.9005129112133003,30549,33924,0.0979020979020979,14,143
2,211,Grado en Publicidad y Relaciones Públicas,2022_2023,0.9060720231315167,31023,34239,0.1276595744680851,18,141
2,211,Grado en Publicidad y Relaciones Públicas,2023_2024,0.9272853185595568,32136,34656,0.12244897959183673,18,147
14,217,Grado en Biomedicina Básica y Experimental,2017_2018,0.9087639850825786,10234,11262,0.2,10,50
14,217,Grado en Biomedicina Básica y Experimental,2018_2019,0.904670994018073,10662,11785,0.24489795918367346,12,49
14,217,Grado en Biomedicina Básica y Experimental,2019_2020,0.9264287561417119,10747,11601,0.16666666666666666,8,48
14,217,Grado en Biomedicina Básica y Experimental,2020_2021,0.9166001596169194,10336,11277,0.1,5,50
14,217,Grado en Biomedicina Básica y Experimental,2021_2022,0.9151492159838138,10855,11862,0.15384615384615385,8,52
14,217,Grado en Biomedicina Básica y Experimental,2022_2023,0.9211822660098522,10378,11266,0.18867924528301888,10,53
14,217,Grado en Biomedicina Básica y Experimental,2023_2024,0.9298004129387474,10132,10897,0.14,7,50
20,218,Grado en Criminología,2017_2018,0.9360254083484574,12378,13224,0.14545454545454545,8,55
20,218,Grado en Criminología,2018_2019,0.9549128030625266,13470,14106,0.21311475409836064,13,61
20,218,Grado en Criminología,2019_2020,0.9571068124474348,13656,14268,0.06779661016949153,4,59
20,218,Grado en Criminología,2020_2021,0.9513513513513514,13728,14430,0.12903225806451613,8,62
20,218,Grado en Criminología,2021_2022,0.9376316898440792,13350,14238,0.08333333333333333,5,60
20,218,Grado en Criminología,2022_2023,0.9120645709430756,12882,14124,0.047619047619047616,3,63
20,218,Grado en Criminología,2023_2024,0.9110556940980881,13152,14436,0.11290322580645161,7,62
12,219,Grado en Estudios de Asia Oriental por la U.S. y la U.de Málaga,2017_2018,0.8203360620422232,11424,13926,0.20754716981132076,11,53
12,219,Grado en Estudios de Asia Oriental por la U.S. y la U.de Málaga,2018_2019,0.860313315926893,11862,13788,0.21568627450980393,11,51
12,219,Grado en Estudios de Asia Oriental por la US y UMA,2019_2020,0.889391447368421,12978,14592,0.16129032258064516,10,62
12,219,Grado en Estudios de Asia Oriental por la US y UMA,2020_2021,0.8611865063978286,13326,15474,0.09433962264150944,5,53
12,219,Grado en Estudios de Asia Oriental por la US y UMA,2021_2022,0.8321111539945967,12936,15546,0.2631578947368421,15,57
12,219,Grado en Estudios de Asia Oriental por la Unv.de Sevilla y la Unv.de Málaga,2022_2023,0.838483724763082,12210,14562,0.171875,11,64
12,219,Grado en Estudios de Asia Oriental por la Unv.de Sevilla y la Unv.de Málaga,2023_2024,0.818639798488665,11700,14292,0.18461538461538463,12,65
45,221,Grado en Ingeniería de la Energía por la U.S y la U. Málaga,2017_2018,0.5700688905003626,9433,16548,0.21875,14,64
45,221,Grado en Ingeniería de la Energía por la U.S y la U. Málaga,2018_2019,0.5498204667863554,9187,16710,0.2537313432835821,17,67
45,221,Grado en Ingeniería de la Energía por la US y UMA,2019_2020,0.6950162039064552,11902,17125,0.3076923076923077,20,65
45,221,Grado en Ingeniería de la Energía por la US y UMA,2020_2021,0.5522828954915682,9628,17434,0.38461538461538464,25,65
45,221,Grado en Ingeniería de la Energía por la US y UMA,2021_2022,0.5024895926863113,9234,18376,0.4262295081967213,26,61
45,221,Grado en Ingeniería de la Energía por la Un. de Sevilla y la Un. de Málaga,2022_2023,0.5377195734002509,10285,19128,0.3333333333333333,25,75
45,221,Grado en Ingeniería de la Energía por la Un. de Sevilla y la Un. de Málaga,2023_2024,0.5644699140401146,11524,20416,0.22857142857142856,16,70
6,222,Grado en Ingeniería de Materiales,2017_2018,0.7167149758454107,5563,7762,0.1891891891891892,7,37
6,222,Grado en Ingeniería de Materiales,2018_2019,0.75344105326152,5665,7519,0.21739130434782608,10,46
6,222,Grado en Ingeniería de Materiales,2019_2020,0.6866666666666666,5253,7650,0.17391304347826086,8,46
6,222,Grado en Ingeniería de Materiales,2020_2021,0.533609489738279,4251,7966,0.175,7,40
6,222,Grado en Ingeniería de Materiales,2021_2022,0.5499617151607963,4309,7836,0.2765957446808511,13,47
6,222,Grado en Ingeniería de Materiales,2022_2023,0.6560226354082458,4869,7422,0.4482758620689655,13,29
6,222,Grado en Ingeniería de Materiales,2023_2024,0.6206487341772152,4707,7584,0.16129032258064516,5,31
19,223,Grado en Óptica y Optometría,2017_2018,0.9177524429967426,13524,14736,0.16666666666666666,9,54
19,223,Grado en Óptica y Optometría,2018_2019,0.9250697489039458,13926,15054,0.11864406779661017,7,59
19,223,Grado en Óptica y Optometría,2019_2020,0.9076539101497504,13092,14424,0.1,6,60
19,223,Grado en Óptica y Optometría,2020_2021,0.9087779690189329,12672,13944,0.11290322580645161,7,62
19,223,Grado en Óptica y Optometría,2021_2022,0.8614970865082923,11532,13386,0.1,6,60
19,223,Grado en Óptica y Optometría,2022_2023,0.8371864240039351,10212,12198,0.12903225806451613,8,62
19,223,Grado en Óptica y Optometría,2023_2024,0.8487434803224277,10740,12654,0.15,9,60
5,224,Grado en Bioquímica por la U. de Sevilla y U. de Málaga,2017_2018,0.8666666666666667,11856,13680,0.11428571428571428,8,70
5,224,Grado en Bioquímica por la U. de Sevilla y U. de Málaga,2018_2019,0.8716577540106952,11736,13464,0.15789473684210525,9,57
5,224,Grado en Bioquímica por la U.S. y UMA,2019_2020,0.889490302210194,11832,13302,0.08928571428571429,5,56
5,224,Grado en Bioquímica por la U.S. y UMA,2020_2021,0.8411172161172161,11022,13104,0.05555555555555555,3,54
5,224,Grado en Bioquímica por la U.S. y UMA,2021_2022,0.8625506985128436,11484,13314,0.16666666666666666,10,60
5,224,Grado en Bioquímica por la Universidad de Sevilla y Universidad de Málaga,2022_2023,0.8540540540540541,11376,13320,0.06896551724137931,4,58
5,224,Grado en Bioquímica por la Universidad de Sevilla y Universidad de Málaga,2023_2024,0.8232142857142857,11064,13440,0.15789473684210525,9,57
45,225,Grado en Ingeniería Civil,2017_2018,0.5045458895588094,7908,15673,0.2911392405063291,23,79
45,225,Grado en Ingeniería Civil,2018_2019,0.5182636851158555,7683,14824,0.3611111111111111,26,72
45,225,Grado en Ingeniería Civil,2019_2020,0.5960849844831702,11236,18850,0.375,27,72
45,225,Grado en Ingeniería Civil,2020_2021,0.4616365568544102,6516,14115,0.5294117647058824,36,68
45,225,Grado en Ingeniería Civil,2021_2022,0.48046190328899885,6990,14548,0.5806451612903226,36,62
45,225,Grado en Ingeniería Civil,2022_2023,0.48308442548003655,7132,14764,0.5423728813559322,32,59
45,225,Grado en Ingeniería Civil,2023_2024,0.5395409348573552,8709,16141,0.46774193548387094,29,62
3,226,Grado en Ingeniería de la Salud por la U. Málaga y la U.Sevilla,2017_2018,0.6915823168094126,11991,17338,0.23809523809523808,15,63
3,226,Grado en Ingeniería de la Salud por la U. Málaga y la U.Sevilla,2018_2019,0.6798733527297621,11917,17529,0.25,17,68
3,226,Grado en Ingeniería de la Salud por la UMA y US,2019_2020,0.7368810051736882,14955,20295,0.15873015873015872,10,63
3,226,Grado en Ingeniería de la Salud por la UMA y US,2020_2021,0.6613076986823568,11970,18100,0.15151515151515152,10,66
3,226,Grado en Ingeniería de la Salud por la UMA y US,2021_2022,0.6678601875532821,11751,17595,0.21311475409836064,13,61
3,226,Grado en Ingeniería de la Salud por la Univ. de Málaga y la Univ.de Sevilla,2022_2023,0.7181019032175472,12621,17575,0.203125,13,64
3,226,Grado en Ingeniería de la Salud por la Univ. de Málaga y la Univ.de Sevilla,2023_2024,0.7463905122035064,13027,17454,0.09230769230769231,6,65
45,227,Grado en Ingeniería de Organización Industrial por la U. M. y U.S.,2017_2018,0.6671598849157419,12174,18247,0.25757575757575757,17,66
45,227,Grado en Ingeniería de Organización Industrial por la U. M. y U.S.,2018_2019,0.6517617317111708,12375,18987,0.22535211267605634,16,71
45,227,Grado en Ingeniería de Organización Industrial por la UMA y US,2019_2020,0.73938209970335,15328,20731,0.24615384615384617,16,65
45,227,Grado en Ingeniería de Organización Industrial por la UMA y US,2020_2021,0.6337039665641511,12054,19021,0.07142857142857142,5,70
45,227,Grado en Ingeniería de Organización Industrial por la UMA y US,2021_2022,0.5843403826787512,10444,17874,0.11594202898550725,8,69
45,227,Grado en Ingeniería de Organización Industrial por la U. Málaga y U.Sevilla,2022_2023,0.5967292658819301,9961,16693,0.2602739726027397,19,73
45,227,Grado en Ingeniería de Organización Industrial por la U. Málaga y U.Sevilla,2023_2024,0.6430177142343314,10726,16681,0.27941176470588236,19,68
45,228,"Grado en Ingeniería Electrónica, Robótica y Mecatrónica (UMA-US)",2017_2018,0.6695598740302635,13075,19528,0.22058823529411764,15,68
45,228,"Grado en Ingeniería Electrónica, Robótica y Mecatrónica (UMA-US)",2018_2019,0.650632322135154,12579,19333,0.16666666666666666,11,66
45,228,"Grado en Ingeniería Electrónica, Robótica y Mecatrónica (UMA-US)",2019_2020,0.7300920050761421,13807,18912,0.15492957746478872,11,71
45,228,"Grado en Ingeniería Electrónica, Robótica y Mecatrónica (UMA-US)",2020_2021,0.6850683071023408,12862,18775,0.15384615384615385,10,65
45,228,"Grado en Ingeniería Electrónica, Robótica y Mecatrónica (UMA-US)",2021_2022,0.661689145793192,12363,18684,0.14666666666666667,11,75
45,228,"Grado en Ingeniería Electrónica, Robótica y Mecatrónica (UMA-US)",2022_2023,0.6691825919383331,12501,18681,0.19696969696969696,13,66
45,228,"Grado en Ingeniería Electrónica, Robótica y Mecatrónica (UMA-US)",2023_2024,0.6817633336014802,12712,18646,0.19402985074626866,13,67
2,M036,M.U. en Comunicación y Cultura (R.D.1393/07),2017_2018,0.8452991452991453,989,1170,0.15789473684210525,3,19
2,M036,M.U. en Comunicación y Cultura (R.D.1393/07),2018_2019,0.8556005398110661,1268,1482,0.11764705882352941,2,17
2,M036,M.U. en Comunicación y Cultura,2019_2020,0.7882851093860268,1117,1417,0.043478260869565216,1,23
2,M036,M.U. en Comunicación y Cultura,2020_2021,0.8096330275229358,1412,1744,0.09523809523809523,2,21
2,M036,M.U. en Comunicación y Cultura,2021_2022,0.7694770544290288,1442,1874,0.04,1,25
2,M036,Máster Universitario en Comunicación y Cultura,2022_2023,0.7144808743169399,1046,1464,0.07692307692307693,2,26
2,M036,Máster Universitario en Comunicación y Cultura,2023_2024,0.3065326633165829,61,199,0.25,5,20
302,M037,M.U. en Artes del Espectáculo Vivo (R.D.1393/07),2017_2018,0.8947368421052632,1122,1254,0.0625,1,16
302,M037,M.U. en Artes del Espectáculo Vivo (R.D.1393/07),2018_2019,0.8129411764705883,1382,1700,0.05,1,20
302,M037,M.U. en Artes del Espectáculo Vivo,2019_2020,0.7890137328339576,1264,1602,0.08,2,25
302,M037,M.U. en Artes del Espectáculo Vivo,2020_2021,0.6547619047619048,990,1512,0.08333333333333333,2,24
302,M037,M.U. en Artes del Espectáculo Vivo,2021_2022,0.8266666666666667,1364,1650,0.35,7,20
302,M037,Máster Universitario en Artes del Espectáculo Vivo,2022_2023,0.7097902097902098,1218,1716,0.12,3,25
302,M037,Máster Universitario en Artes del Espectáculo Vivo,2023_2024,0.7225433526011561,1250,1730,0.125,3,24
302,M039,M.U. en Estudios de Género y Desarrollo Profesional (RD.07),2017_2018,0.7988304093567251,1366,1710,0.10344827586206896,3,29
302,M039,M.U. en Estudios de Género y Desarrollo Profesional (RD.07),2018_2019,0.8180722891566266,1358,1660,0.08,2,25
302,M039,M.U. en Estudios de Género y Desarrollo Profesional,2019_2020,0.8433268858800773,1744,2068,0.15384615384615385,4,26
302,M039,M.U. en Estudios de Género y Desarrollo Profesional,2020_2021,0.8392572944297082,1582,1885,0.09375,3,32
302,M039,M.U. en Estudios de Género y Desarrollo Profesional,2021_2022,0.8881506090808416,1604,1806,0.10714285714285714,3,28
302,M039,Máster Universitario en Estudios de Género y Desarrollo Profesional,2022_2023,0.8679245283018868,1656,1908,0.13333333333333333,4,30
302,M039,Máster Universitario en Estudios de Género y Desarrollo Profesional,2023_2024,0.7590741714886902,1443,1901,0.06666666666666667,2,30
15,M040,M.U. en Peritación y Reparación de Edificios,2017_2018,0.7859154929577464,1116,1420,0.05263157894736842,1,19
15,M040,M.U. en Peritación y Reparación de Edificios,2018_2019,0.5625,432,768,0,0,22
15,M040,M.U. en Peritación y Reparación de Edificios,2019_2020,0.7404580152671756,776,1048,0,0,8
15,M040,M.U. en Peritación y Reparación de Edificios,2020_2021,0.7629969418960245,998,1308,0.0625,1,16
15,M040,M.U. en Peritación y Reparación de Edificios,2021_2022,0.5772357723577236,284,492,0.1,2,20
15,M040,Máster Universitario en Peritación y Reparación de Edificios,2022_2023,0.7204152249134949,1041,1445,0.4,2,5
15,M040,Máster Universitario en Peritación y Reparación de Edificios,2023_2024,0.6070606293169608,791,1303,0.13636363636363635,3,22
302,M044,"M.U. Profesorado de E.S.O. y Bachillerato, F. P. y E.de Idiomas",2017_2018,0.9789373320620612,22588,23074,0.03827751196172249,16,418
302,M044,"M.U. Profesorado de E.S.O. y Bachillerato, F. P. y E.de Idiomas",2018_2019,0.9930004268032437,23266,23430,0.019464720194647202,8,411
302,M044,"M.U. en Profesorado de E.S.O y Bachillerato, FP y E.Idiomas",2019_2020,0.9782138843261001,22630,23134,0.03579952267303103,15,419
302,M044,"M.U. en Profesorado de E.S.O y Bachillerato, FP y E.Idiomas",2020_2021,0.9428076256499134,22848,24234,0.01141552511415525,5,438
302,M044,"M.U. en Profesorado de E.S.O y Bachillerato, FP y E.Idiomas",2021_2022,0.9467554076539102,22760,24040,0.051224944320712694,23,449
302,M044,"Máster Univers. en Profesorado de E.S.O y Bachillerato, FP y E.Idiomas",2022_2023,0.944088433194489,23572,24968,0.03,12,400
302,M044,"Máster Univers. en Profesorado de E.S.O y Bachillerato, FP y E.Idiomas",2023_2024,0.9356580427446569,24954,26670,0.02912621359223301,12,412
4,M050,M.U. en Arqueología (R.D.1393/07),2017_2018,0.6833046471600689,794,1162,0.1111111111111111,3,27
4,M050,M.U. en Arqueología (R.D.1393/07),2018_2019,0.7441860465116279,1344,1806,0.21428571428571427,3,14
4,M050,M.U. en Arqueología por la US y UGR,2019_2020,0.7370558375634517,1452,1970,0.1111111111111111,3,27
4,M050,M.U. en Arqueología por la US y UGR,2020_2021,0.7244897959183674,1704,2352,0.07407407407407407,2,27
4,M050,M.U. en Arqueología por la US y UGR,2021_2022,0.7489878542510121,1850,2470,0.12903225806451613,4,31
4,M050,Máster Universitario en Arqueología por la U.de Sevilla y U.de Granada,2022_2023,0.6068571428571429,1062,1750,0.11764705882352941,4,34
4,M050,Máster Universitario en Arqueología por la U.de Sevilla y U.de Granada,2023_2024,0.6577708006279435,1676,2548,0.09523809523809523,2,21
21,M052,M.U. en Arte: Idea y Producción (R.D.1393/07),2017_2018,0.7534930139720559,1510,2004,0.15384615384615385,2,13
21,M052,M.U. en Arte: Idea y Producción (R.D.1393/07),2018_2019,0.7730627306273062,1676,2168,0,0,31
21,M052,M.U. en Arte: Idea y Producción,2019_2020,0.7844311377245509,1572,2004,0.03225806451612903,1,31
21,M052,M.U. en Arte: Idea y Producción,2020_2021,0.7851153039832285,1498,1908,0.16129032258064516,5,31
21,M052,M.U. en Arte: Idea y Producción,2021_2022,0.8148148148148148,1672,2052,0.037037037037037035,1,27
21,M052,Máster Universitario en Arte: Idea y Producción,2022_2023,0.7760617760617761,1608,2072,0.03225806451612903,1,31
21,M052,Máster Universitario en Arte: Idea y Producción,2023_2024,0.688695652173913,1584,2300,0.0625,2,32
302,M056,M.U. en Ciencia y Tecnología de Nuevos Materiales (R.D.1393/07),2017_2018,0.9420289855072463,650,690,0.21052631578947367,4,19
302,M056,M.U. en Ciencia y Tecnología de Nuevos Materiales (R.D.1393/07),2018_2019,0.9368983957219251,1752,1870,0,0,11
302,M056,M.U. en Ciencia y Tecnología de Nuevos Materiales,2019_2020,0.9316239316239316,1090,1170,0.0967741935483871,3,31
302,M056,M.U. en Ciencia y Tecnología de Nuevos Materiales,2020_2021,0.779136690647482,1083,1390,0.05555555555555555,1,18
302,M056,M.U. en Ciencia y Tecnología de Nuevos Materiales,2021_2022,0.9358024691358025,1895,2025,0.22727272727272727,5,22
302,M056,Máster Universitario en Ciencia y Tecnología de Nuevos Materiales,2022_2023,0.9130434782608695,945,1035,0.09090909090909091,3,33
302,M056,Máster Universitario en Ciencia y Tecnología de Nuevos Materiales,2023_2024,0.8037267080745342,1294,1610,0.11764705882352941,2,17
20,M061,M.U. en Derecho Constitucional (R.D.1393/07),2017_2018,0.8203703703703704,1329,1620,0.15384615384615385,4,26
20,M061,M.U. en Derecho Constitucional (R.D.1393/07),2018_2019,0.8218694885361552,1398,1701,0.23076923076923078,6,26
20,M061,M.U. en Derecho Constitucional,2019_2020,0.790625,1518,1920,0.08,2,25
20,M061,M.U. en Derecho Constitucional,2020_2021,0.8018348623853211,1311,1635,0.10714285714285714,3,28
20,M061,M.U. en Derecho Constitucional,2021_2022,0.7580372250423012,1344,1773,0.13043478260869565,3,23
20,M061,Máster Universitario en Derecho Constitucional,2022_2023,0.6615384615384615,1032,1560,0.2962962962962963,8,27
20,M061,Máster Universitario en Derecho Constitucional,2023_2024,0.79875518672199175,1155,1446,0.2608695652173913,6,23
7,M063,M.U. en Dirección y Planificación del Turismo (R.D.1393/07),2017_2018,0.7796610169491526,1380,1770,0.06896551724137931,2,29
7,M063,M.U. en Dirección y Planificación del Turismo (R.D.1393/07),2018_2019,0.8038379530916845,1508,1876,0.038461538461538464,1,26
7,M063,M.U. en Dirección y Planificación del Turismo,2019_2020,0.7767584097859327,1778,2289,0.1111111111111111,3,27
7,M063,M.U. en Dirección y Planificación del Turismo,2020_2021,0.8338353413654619,1661,1992,0.11764705882352941,4,34
7,M063,M.U. en Dirección y Planificación del Turismo,2021_2022,0.7897727272727273,1529,1936,0.1,3,30
7,M063,Máster Universitario en Dirección y Planificación del Turismo,2022_2023,0.7033492822966507,1176,1672,0.03571428571428571,1,28
7,M063,Máster Universitario en Dirección y Planificación del Turismo,2023_2024,0.7362520021356114,1379,1873,0.375,9,24
18,M064,"M.U. en Dirección, Evaluación y Calidad de las Instituciones de For.",2017_2018,0.8849557522123894,1600,1808,0.2,4,20
18,M064,"M.U. en Dirección, Evaluación y Calidad de las Instituciones de For.",2018_2019,0.850909090909091,1404,1650,0.10344827586206896,3,29
18,M064,"M.U. en Dirección, Evaluación y Calidad de las Instituc. de For",2019_2020,0.9365404298874105,1830,1954,0.04,1,25
18,M064,"M.U. en Dirección, Evaluación y Calidad de las Instituc. de For",2020_2021,0.8527131782945736,1540,1806,0,0,30
18,M064,"M.U. en Dirección, Evaluación y Calidad de las Instituc. de For",2021_2022,0.875,1596,1824,0.07142857142857142,2,28
18,M064,"Máster Unv. en Dirección, Evaluación y Calidad de las Instituc. de For",2022_2023,0.8857994041708044,1784,2014,0.07142857142857142,2,28
18,M064,"Máster Unv. en Dirección, Evaluación y Calidad de las Instituc. de For",2023_2024,0.8050251256281407,1602,1990,0.06666666666666667,2,30
4,M067,M.U. en Documentos y Libros. Archivos y Bibliotecas,2017_2018,0.8521341463414634,2236,2624,0,0,35
4,M067,M.U. en Documentos y Libros. Archivos y Bibliotecas,2018_2019,0.8082505729564553,2116,2618,0.02564102564102564,1,39
4,M067,M.U. en Documentos y Libros. Archivos y Bibliotecas,2019_2020,0.8713405238828967,2262,2596,0.02564102564102564,1,39
4,M067,M.U. en Documentos y Libros. Archivos y Bibliotecas,2020_2021,0.8042650418888042,2112,2626,0,0,39
4,M067,M.U. en Documentos y Libros. Archivos y Bibliotecas,2021_2022,0.8058870326173428,2026,2514,0.02564102564102564,1,39
4,M067,Máster Universitario en Documentos y Libros. Archivos y Bibliotecas,2022_2023,0.8023774145616642,2160,2692,0.05555555555555555,2,36
4,M067,Máster Universitario en Documentos y Libros. Archivos y Bibliotecas,2023_2024,0.7808417997097242,2152,2756,0.02564102564102564,1,39
1,M068,M.U. en Economía y Desarrollo (R.D.1393/07),2017_2018,0.6888217522658611,912,1324,0.25,2,8
1,M068,M.U. en Economía y Desarrollo (R.D.1393/07),2018_2019,0.697396199859254,991,1421,0.09523809523809523,2,21
1,M068,M.U. en Economía y Desarrollo,2019_2020,0.7145569620253165,1129,1580,0.1111111111111111,2,18
1,M068,M.U. en Economía y Desarrollo,2020_2021,0.6715189873417722,1061,1580,0.14285714285714285,3,21
1,M068,M.U. en Economía y Desarrollo,2021_2022,0.6845277963831212,1022,1493,0.3333333333333333,8,24
1,M068,Máster Universitario en Economía y Desarrollo,2022_2023,0.5756929637526652,810,1407,0.15,3,20
1,M068,Máster Universitario en Economía y Desarrollo,2023_2024,0.5542372881355933,981,1770,0.3684210526315789,7,19
16,M070,M.U. en En.del Español como L. Extranjera y de Otras L. Modernas,2017_2018,0.9346374045801527,1959,2096,0.1891891891891892,7,37
16,M070,M.U. en En.del Español como L. Extranjera y de Otras L. Modernas,2018_2019,0.9021335807050093,1945,2156,0,0,32
16,M070,M.U.en Enseñanza del Español como Lengua Extranjera y Otras Leng.Mod.,2019_2020,0.8857142857142857,2046,2310,0.05555555555555555,2,36
16,M070,M.U.en Enseñanza del Español como Lengua Extranjera y Otras Leng.Mod.,2020_2021,0.8554852320675106,1622,1896,0.027777777777777776,1,36
16,M070,M.U.en Enseñanza del Español como Lengua Extranjera y Otras Leng.Mod.,2021_2022,0.8643790849673203,1587,1836,0.03333333333333333,1,30
16,M070,M.U.en Enseñanza del Español como Lengua Extranjera y Otras Leng.Mod.,2022_2023,0.8520361990950226,1883,2210,0.13333333333333333,4,30
16,M070,M.U.en Enseñanza del Español como Lengua Extranjera y Otras Leng.Mod.,2023_2024,0.8497256226255804,2013,2369,0.029411764705882353,1,34
2,M071,M.U. en Escritura Creativa (R.D.1393/07),2017_2018,0.7934322033898306,1498,1888,0.2413793103448276,7,29
2,M071,M.U. en Escritura Creativa (R.D.1393/07),2018_2019,0.7391540130151844,1363,1844,0.04,1,25
2,M071,M.U. en Escritura Creativa,2019_2020,0.8186813186813187,1490,1820,0.24,6,25
2,M071,M.U. en Escritura Creativa,2020_2021,0.7929515418502202,1440,1816,0.10714285714285714,3,28
2,M071,M.U. en Escritura Creativa,2021_2022,0.7449628844114529,1405,1886,0.038461538461538464,1,26
2,M071,Máster Universitario en Escritura Creativa,2022_2023,0.7644869750132908,1438,1881,0.07407407407407407,2,27
2,M071,Máster Universitario en Escritura Creativa,2023_2024,0.7139096094778412,1627,2279,0.037037037037037035,1,27
22,M075,M.U. en Estudios Avanzados en Química (R.D.1393/07),2017_2018,0.9691119691119691,1004,1036,0,0,16
22,M075,M.U. en Estudios Avanzados en Química (R.D.1393/07),2018_2019,0.9102564102564102,1136,1248,0,0,17
22,M075,M.U. en Estudios Avanzados en Química,2019_2020,0.9296187683284457,1268,1364,0.047619047619047616,1,21
22,M075,M.U. en Estudios Avanzados en Química,2020_2021,0.8664495114006515,1064,1228,0,0,22
22,M075,M.U. en Estudios Avanzados en Química,2021_2022,0.8718535469107551,1524,1748,0.05263157894736842,1,19
22,M075,Máster Universitario en Estudios Avanzados en Química,2022_2023,0.8837837837837837,1308,1480,0.06666666666666667,2,30
22,M075,Máster Universitario en Estudios Avanzados en Química,2023_2024,0.8027777777777778,1156,1440,0.045454545454545456,1,22
16,M076,M.U. en Estudios Hispánicos Superiores (R.D.1393/07),2017_2018,1.2015503875968991,1240,1032,0.058823529411764705,2,34
16,M076,M.U. en Estudios Hispánicos Superiores (R.D.1393/07),2018_2019,1.065326633165829,1272,1194,0.08571428571428572,3,35
16,M076,M.U. en Estudios Hispánicos Superiores,2019_2020,0.8117469879518072,1078,1328,0.1111111111111111,3,27
16,M076,M.U. en Estudios Hispánicos Superiores,2020_2021,0.6096153846153847,634,1040,0.05263157894736842,2,38
16,M076,M.U. en Estudios Hispánicos Superiores,2021_2022,0.8436944937833037,950,1126,0.2413793103448276,7,29
16,M076,Máster Universitario en Estudios Hispánicos Superiores,2022_2023,0.6724137931034483,858,1276,0.15,3,20
16,M076,Máster Universitario en Estudios Hispánicos Superiores,2023_2024,0.7433962264150943,788,1060,0.42857142857142855,9,21
6,M082,M.U. en Física Nuclear (Máster Interuniversitario) (R.D.1393/07),2017_2018,0.58,348,600,0.125,2,16
6,M082,M.U. en Física Nuclear (Máster Interuniversitario) (R.D.1393/07),2018_2019,0.7988165680473372,810,1014,0,0,9
6,M082,M.U. en Física Nuclear,2019_2020,0.655367231638418,696,1062,0,0,16
6,M082,M.U. en Física Nuclear,2020_2021,0.6744186046511628,696,1032,0,0,17
6,M082,M.U. en Física Nuclear,2021_2022,0.803921568627451,738,918,0.26666666666666666,4,15
6,M082,"Máster Universitario en Física Nuclear por la UAM,UCM,UB,UGR,USAL y la US",2022_2023,0.6965174129353234,840,1206,0.14285714285714285,2,14
6,M082,"Máster Universitario en Física Nuclear por la UAM,UCM,UB,UGR,USAL y la US",2023_2024,0.7285067873303167,966,1326,0.05555555555555555,1,18
1,M085,M.U. en Gestión Estratégica y Negocios Internacionales,2017_2018,0.8040646169880146,1543,1919,0.07142857142857142,2,28
1,M085,M.U. en Gestión Estratégica y Negocios Internacionales,2018_2019,0.791958041958042,1359,1716,0.10714285714285714,3,28
1,M085,M.U. en Gestión Estratégica y Negocios Internacionales,2019_2020,0.777073732718894,1349,1736,0.12,3,25
1,M085,M.U. en Gestión Estratégica y Negocios Internacionales,2020_2021,0.755741127348643,1448,1916,0.07407407407407407,2,27
1,M085,M.U. en Gestión Estratégica y Negocios Internacionales,2021_2022,0.6848546659867415,1343,1961,0.1724137931034483,5,29
1,M085,Máster Universitario en Gestión Estratégica y Negocios Internacionales,2022_2023,0.7604625550660793,1381,1816,0.14814814814814814,4,27
1,M085,Máster Universitario en Gestión Estratégica y Negocios Internacionales,2023_2024,0.7425796006475985,1376,1853,0.15384615384615385,4,26
98,M086,M.U. en Gestión Integral de la Edificación (R.D.1393/07),2017_2018,0.8362282878411911,674,806,0.07142857142857142,1,14
98,M086,M.U. en Gestión Integral de la Edificación (R.D.1393/07),2018_2019,0.7915224913494809,915,1156,0.07142857142857142,1,14
98,M086,M.U. en Gestión Integral de la Edificación,2019_2020,0.7903536977491962,1229,1555,0.05263157894736842,1,19
98,M086,M.U. en Gestión Integral de la Edificación,2020_2021,0.7425742574257426,675,909,0.043478260869565216,1,23
98,M086,M.U. en Gestión Integral de la Edificación,2021_2022,0.8930817610062893,1136,1272,0.15384615384615385,2,13
98,M086,Máster Universitario en Gestión Integral de la Edificación,2022_2023,0.7854588796185935,659,839,0.16666666666666666,3,18
98,M086,Máster Universitario en Gestión Integral de la Edificación,2023_2024,0.683494044242768,1205,1763,0.15384615384615385,2,13
3,M095,"M.U. en Lógica, Computación e Inteligencia Artificial",2017_2018,0.5818181818181818,960,1650,0.17857142857142858,5,28
3,M095,"M.U. en Lógica, Computación e Inteligencia Artificial",2018_2019,0.6346749226006192,1230,1938,0.32,8,25
3,M095,"M.U. en Lógica, Computación e Inteligencia Artificial",2019_2020,0.6868421052631579,1566,2280,0.13793103448275862,4,29
3,M095,"M.U. en Lógica, Computación e Inteligencia Artificial",2020_2021,0.5739644970414202,1164,2028,0.03225806451612903,1,31
3,M095,"M.U. en Lógica, Computación e Inteligencia Artificial",2021_2022,0.6465753424657534,1416,2190,0.23076923076923078,6,26
3,M095,"Máster Universitario en Lógica, Computación e Inteligencia Artificial",2022_2023,0.7008547008547008,1476,2106,0.17857142857142858,5,28
3,M095,"Máster Universitario en Lógica, Computación e Inteligencia Artificial",2023_2024,0.768595041322314,1674,2178,0.07142857142857142,2,28
6,M099,M.U. en Microelectrónica: Dño. y Apps.de Sistemas M./Nano.,2017_2018,0.36917562724014336,618,1674,0.2777777777777778,5,18
6,M099,M.U. en Microelectrónica: Dño. y Apps.de Sistemas M./Nano.,2018_2019,0.42857142857142855,756,1764,0.48,12,25
6,M099,M.U. en Microelectrónica: Diseño y Aplicaciones de Sistemas,2019_2020,0.5124555160142349,864,1686,0.34615384615384615,9,26
6,M099,M.U. en Microelectrónica: Diseño y Aplicaciones de Sistemas,2020_2021,0.471875,906,1920,0.24,6,25
6,M099,M.U. en Microelectrónica: Diseño y Aplicaciones de Sistemas,2021_2022,0.5909090909090909,1014,1716,0.37037037037037035,10,27
6,M099,Máster Unv. en Microelectrónica: Diseño y Aplicaciones de Sistemas,2022_2023,0.5532646048109966,966,1746,0.37037037037037035,10,27
6,M099,Máster Unv. en Microelectrónica: Diseño y Aplicaciones de Sistemas,2023_2024,0.6012658227848101,1140,1896,0.3448275862068966,10,29
11,M100,M.U. en Nuevas Tendencias Asistenciales en Ciencias de la Salud,2017_2018,0.8039878337276107,2379,2959,0.09803921568627451,5,51
11,M100,M.U. en Nuevas Tendencias Asistenciales en Ciencias de la Salud,2018_2019,0.7485486211901307,2063,2756,0.06976744186046512,3,43
11,M100,M.U. en Nuevas Tendencias Asistenciales en CC. de la Salud,2019_2020,0.8366187771466755,2504,2993,0.05128205128205128,2,39
11,M100,M.U. en Nuevas Tendencias Asistenciales en CC. de la Salud,2020_2021,0.8075020610057708,1959,2426,0.023255813953488372,1,43
11,M100,M.U. en Nuevas Tendencias Asistenciales en CC. de la Salud,2021_2022,0.7163874131589701,1753,2447,0.08333333333333333,3,36
11,M100,Máster Univ.en Nuevas Tendencias Asistenciales en CC. de la Salud,2022_2023,0.7730036481556546,1907,2467,0.12121212121212122,4,33
11,M100,Máster Univ.en Nuevas Tendencias Asistenciales en CC. de la Salud,2023_2024,0.4226190476190476,213,504,0.030303030303030304,1,33
4,M103,M.U. en Patrimonio Artístico Andaluz y su Proy. Iberoamericana,2017_2018,0.8286180631120783,1523,1838,0,0,14
4,M103,M.U. en Patrimonio Artístico Andaluz y su Proy. Iberoamericana,2018_2019,0.8344425956738769,2006,2404,0.13333333333333333,4,30
4,M103,M.U. en Patrimonio Artístico Andaluz y su Proyección Iberoameric.,2019_2020,0.7969924812030075,1908,2394,0.1388888888888889,5,36
4,M103,M.U. en Patrimonio Artístico Andaluz y su Proyección Iberoameric.,2020_2021,0.7727678571428571,1731,2240,0.05263157894736842,2,38
4,M103,M.U. en Patrimonio Artístico Andaluz y su Proyección Iberoameric.,2021_2022,0.828853046594982,1850,2232,0.13333333333333333,4,30
4,M103,Máster Unv.en Patrimonio Artístico Andaluz y su Proyección Iberoameric.,2022_2023,0.844170834936514,2194,2599,0.0967741935483871,3,31
4,M103,Máster Unv.en Patrimonio Artístico Andaluz y su Proyección Iberoamericana,2023_2024,0.7752620545073375,1849,2385,0.05128205128205128,2,39
13,M105,M.U. en Psicología de la Intervención Social y Comunitaria,2017_2018,0.8513853904282116,2028,2382,0.05714285714285714,2,35
13,M105,M.U. en Psicología de la Intervención Social y Comunitaria,2018_2019,0.8823529411764706,2010,2278,0,0,35
13,M105,M.U. en Psicología de la Intervención Social y Comunitaria,2019_2020,0.8676470588235294,2124,2448,0,0,35
13,M105,M.U. en Psicología de la Intervención Social y Comunitaria,2020_2021,0.818260120585702,1900,2322,0,0,38
13,M105,M.U. en Psicología de la Intervención Social y Comunitaria,2021_2022,0.8839200761179828,1858,2102,0.11428571428571428,4,35
13,M105,Máster Univ. en Psicología de la Intervención Social y Comunitaria,2022_2023,0.9047169811320754,1918,2120,0.06060606060606061,2,33
13,M105,Máster Univ. en Psicología de la Intervención Social y Comunitaria,2023_2024,0.8940397350993378,1890,2114,0.030303030303030304,1,33
20,M106,M.U. en Relaciones Jurídico-Privadas (R.D.1393/07),2017_2018,0.8776595744680851,330,376,0,0,10
20,M106,M.U. en Relaciones Jurídico-Privadas (R.D.1393/07),2018_2019,0.7768924302788844,390,502,0.07142857142857142,1,14
20,M106,M.U. en Relaciones Jurídicas-Privadas,2019_2020,0.6187683284457478,422,682,0.25,3,12
20,M106,M.U. en Relaciones Jurídicas-Privadas,2020_2021,0.7419354838709677,506,682,0.11764705882352941,2,17
20,M106,M.U. en Relaciones Jurídicas-Privadas,2021_2022,0.7348066298342542,532,724,0.17647058823529413,3,17
20,M106,Máster Universitario en Relaciones Jurídico-Privadas,2022_2023,0.8137931034482758,472,580,0.36363636363636365,4,11
20,M106,Máster Universitario en Relaciones Jurídico-Privadas,2023_2024,0.7436708860759493,470,632,0.1111111111111111,1,9
98,M107,M.U. en Seguridad Integral en Edificación (R.D.1393/07),2017_2018,0.8844415752098128,685,774,0,0,22
98,M107,M.U. en Seguridad Integral en Edificación (R.D.1393/07),2018_2019,0.8792517006802721,1551,1764,0,0,9
98,M107,M.U. en Seguridad Integral en Edificación,2019_2020,0.9076005961251863,1522,1677,0.2727272727272727,6,22
98,M107,M.U. en Seguridad Integral en Edificación,2020_2021,0.8934499775684164,1991,2229,0,0,21
98,M107,M.U. en Seguridad Integral en Edificación,2021_2022,0.8411647915287889,1271,1511,0.10714285714285714,3,28
98,M107,Máster Universitario en Seguridad Integral en Edificación,2022_2023,0.7969041900186816,1493,1873,0.375,6,16
98,M107,Máster Universitario en Seguridad Integral en Edificación,2023_2024,0.7158379980243661,1087,1518,0.13043478260869565,3,23
23,M108,M.U. en Seguridad Integral en la Industria y Prev. RR.LL.,2017_2018,0.7877225866916588,2521,3201,0.058823529411764705,2,34
23,M108,M.U. en Seguridad Integral en la Industria y Prev. RR.LL.,2018_2019,0.8321179711554043,2567,3085,0.09090909090909091,3,33
23,M108,M.U.en Seguridad Integral en la Industria y Prevención Riesgos Laborales,2019_2020,0.8718670796958603,3096,3551,0.02631578947368421,1,38
23,M108,M.U.en Seguridad Integral en la Industria y Prevención Riesgos Laborales,2020_2021,0.873823576327963,2739,3134,0.05263157894736842,2,38
23,M108,M.U.en Seguridad Integral en la Industria y Prevención Riesgos Laborales,2021_2022,0.86002886002886,2980,3465,0.08333333333333333,3,36
23,M108,M.U.en Seguridad Integral en la Industria y Prevención Riesgos Laborales,2022_2023,0.8205980066445183,2964,3612,0.18421052631578946,7,38
23,M108,M.U.en Seguridad Integral en la Industria y Prevención Riesgos Laborales,2023_2024,0.7985871271585557,2543,3185,0.1111111111111111,4,36
2,M114,M.U. en Comunicación Institucional y Política (R.D.1393/2007),2017_2018,0.8011204481792717,1716,2142,0.06060606060606061,2,33
2,M114,M.U. en Comunicación Institucional y Política (R.D.1393/2007),2018_2019,0.7744855967078189,1882,2430,0.058823529411764705,2,34
2,M114,M.U. en Comunicación Institucional y Política,2019_2020,0.8603491271820449,2070,2406,0.10526315789473684,4,38
2,M114,M.U. en Comunicación Institucional y Política,2020_2021,0.8659966499162479,2068,2388,0.13157894736842105,5,38
2,M114,M.U. en Comunicación Institucional y Política,2021_2022,0.8001816530426885,1762,2202,0.1,4,40
2,M114,Máster Universitario en Comunicación Institucional y Política,2022_2023,0.6672428694900605,1544,2314,0.05714285714285714,2,35
2,M114,Máster Universitario en Comunicación Institucional y Política,2023_2024,0.23529411764705882,48,204,0.23529411764705882,8,34
12,M115,M.U. en Filosofía y Cultura Moderna (R.D.1393/2007),2017_2018,0.9817518248175182,807,822,0.12,3,25
12,M115,M.U. en Filosofía y Cultura Moderna (R.D.1393/2007),2018_2019,1.0969529085872576,1188,1083,0.08695652173913043,2,23
12,M115,M.U. en Filosofía y Cultura Moderna,2019_2020,0.7387096774193549,687,930,0.11764705882352941,4,34
12,M115,M.U. en Filosofía y Cultura Moderna,2020_2021,0.672544080604534,801,1191,0.11764705882352941,4,34
12,M115,M.U. en Filosofía y Cultura Moderna,2021_2022,0.7164948453608248,417,582,0.0967741935483871,3,31
12,M115,Máster Universitario en Filosofía y Cultura Moderna,2022_2023,0.8700564971751412,924,1062,0.125,1,8
12,M115,Máster Universitario en Filosofía y Cultura Moderna,2023_2024,0.8098360655737705,741,915,0.07142857142857142,1,14
4,M117,"M.U. en Antropología: Gestión de la Diver. Cul., el Patr. y el Des.",2017_2018,0.7230769230769231,1175,1625,0.09090909090909091,2,22
4,M117,"M.U. en Antropología: Gestión de la Diver. Cul., el Patr. y el Des.",2018_2019,0.744466800804829,1850,2485,0.2608695652173913,6,23
4,M117,"M.U. en Antropología: Gestión de la Diversidad Cultural, el Pat.y el Des.",2019_2020,0.648068669527897,1510,2330,0.08333333333333333,3,36
4,M117,"M.U. en Antropología: Gestión de la Diversidad Cultural, el Pat.y el Des.",2020_2021,0.6361256544502618,1215,1910,0.25806451612903225,8,31
4,M117,"M.U. en Antropología: Gestión de la Diversidad Cultural, el Pat.y el Des.",2021_2022,0.7409420289855072,2045,2760,0.16666666666666666,4,24
4,M117,"M.U. en Antropología: Gestión de la Diversidad Cultural, el Pat.y el Des.",2022_2023,0.5794392523364486,930,1605,0.1,4,40
4,M117,"M.U. en Antropología: Gestión de la Diversidad Cultural, el Pat.y el Des.",2023_2024,0.6934097421203438,1210,1745,0.2222222222222222,4,18
4,M121,M.U. en Estudios Americanos (R.D.1393/2007),2017_2018,0.875,1638,1872,0.06666666666666667,2,30
4,M121,M.U. en Estudios Americanos (R.D.1393/2007),2018_2019,0.8920634920634921,1686,1890,0.12903225806451613,4,31
4,M121,M.U. en Estudios Americanos,2019_2020,0.8133333333333334,1830,2250,0.06896551724137931,2,29
4,M121,M.U. en Estudios Americanos,2020_2021,0.890728476821192,1614,1812,0.030303030303030304,1,33
4,M121,M.U. en Estudios Americanos,2021_2022,0.8976897689768977,1632,1818,0.14814814814814814,4,27
4,M121,Máster Universitario en Estudios Americanos,2022_2023,0.8073654390934845,1710,2118,0.034482758620689655,1,29
4,M121,Máster Universitario en Estudios Americanos,2023_2024,0.8125,1404,1728,0.09375,3,32
20,M123,"M.U. en Asesoría Jurídico-Mercantil, Fiscal y Laboral",2017_2018,0.9128205128205128,1068,1170,0.03571428571428571,1,28
20,M123,"M.U. en Asesoría Jurídico-Mercantil, Fiscal y Laboral",2018_2019,0.8054054054054054,894,1110,0,0,22
20,M123,"M.U. en Asesoría Jurídico-Mercantil, Fiscal y Laboral",2019_2020,0.7383512544802867,824,1116,0.08333333333333333,2,24
20,M123,"M.U. en Asesoría Jurídico-Mercantil, Fiscal y Laboral",2020_2021,0.7964169381107492,978,1228,0.08,2,25
20,M123,"M.U. en Asesoría Jurídico-Mercantil, Fiscal y Laboral",2021_2022,0.78301886792452835,664,848,0.07692307692307693,2,26
20,M123,"Máster Un. en Asesoría Jurídico-Mercantil, Fiscal y Laboral",2022_2023,0.7926565874730022,734,926,0.3076923076923077,4,13
20,M123,"Máster Universitario en Asesoría Jurídico-Mercantil, Fiscal y Laboral",2023_2024,0.6618287373004355,684,1033,0.0625,1,16
8,M125,M.U. en Consultoría Laboral,2017_2018,0.8186813186813187,1341,1638,0.043478260869565216,1,23
8,M125,M.U. en Consultoría Laboral,2018_2019,0.8324022346368715,1043,1253,0.08,2,25
8,M125,M.U. en Consultoría Laboral,2019_2020,0.8215613382899628,1105,1345,0.05263157894736842,1,19
8,M125,M.U. en Consultoría Laboral,2020_2021,0.8340807174887892,1488,1784,0.047619047619047616,1,21
8,M125,M.U. en Consultoría Laboral,2021_2022,0.8396600566572238,1482,1765,0.038461538461538464,1,26
8,M125,Máster Universitario en Consultoría Laboral,2022_2023,0.8002092050209205,1530,1912,0.07407407407407407,2,27
8,M125,Máster Universitario en Consultoría Laboral,2023_2024,0.8096385542168675,1344,1660,0.21428571428571427,6,28
14,M127,M.U. en Investigación Médica: Clínica y Experimental,2017_2018,0.8333333333333334,1560,1872,0.11428571428571428,4,35
14,M127,M.U. en Investigación Médica: Clínica y Experimental,2018_2019,0.7791970802919708,1708,2192,0,0,29
14,M127,M.U. en Investigación Médica: Clínica y Experimental,2019_2020,0.8276643990929705,1460,1764,0.2,7,35
14,M127,M.U. en Investigación Médica: Clínica y Experimental,2020_2021,0.7006507592190889,1292,1844,0.10714285714285714,3,28
14,M127,M.U. en Investigación Médica: Clínica y Experimental,2021_2022,0.908883826879271,1596,1756,0.2857142857142857,8,28
14,M127,Máster Unv. en Investigación Médica: Clínica y Experimental,2022_2023,0.7822014051522248,1336,1708,0.038461538461538464,1,26
14,M127,Máster Unv. en Investigación Médica: Clínica y Experimental,2023_2024,0.8495145631067961,1400,1648,0.13793103448275862,4,29
13,M133,"M.U. en Migraciones Internacionales, Salud y Bienestar: Modelos y Estrategias de Intervención",2017_2018,0.8264248704663213,1276,1544,0.09523809523809523,2,21
13,M133,"M.U. en Migraciones Internacionales, Salud y Bienestar: Modelos y Estrategias de Intervención",2018_2019,0.8472222222222222,1098,1296,0.125,3,24
13,M133,"M.U.en Migraciones Internacionales, Salud y Bienestar: Mod. y Est. de Inter",2019_2020,0.8079896907216495,1254,1552,0.05,1,20
13,M133,"M.U.en Migraciones Internacionales, Salud y Bienestar: Mod. y Est. de Inter",2020_2021,0.8657289002557544,1354,1564,0,0,25
13,M133,"M.U.en Migraciones Internacionales, Salud y Bienestar: Mod. y Est. de Inter",2021_2022,0.829105473965287,1242,1498,0,0,24
13,M133,"M.U.en Migraciones Internacionales, Salud y Bienestar: Mod. y Est. de Inter",2022_2023,0.8034300791556728,1218,1516,0.043478260869565216,1,23
13,M133,"M.U.en Migraciones Internacionales, Salud y Bienestar: Mod. y Est. de Inter",2023_2024,0.8592777085927771,1380,1606,0.045454545454545456,1,22
19,M134,M.U. en Especialización Profesional en Farmacia,2017_2018,0.8355,1671,2000,0.03333333333333333,1,30
19,M134,M.U. en Especialización Profesional en Farmacia,2018_2019,0.8413669064748202,2339,2780,0.0967741935483871,3,31
19,M134,M.U. en Especialización Profesional en Farmacia,2019_2020,0.7966101694915254,2068,2596,0.12195121951219512,5,41
19,M134,M.U. en Especialización Profesional en Farmacia,2020_2021,0.823739837398374,2533,3075,0,0,40
19,M134,M.U. en Especialización Profesional en Farmacia,2021_2022,0.8425849212924607,2034,2414,0.125,6,48
19,M134,Máster Universitario en Especialización Profesional en Farmacia,2022_2023,0.7426160337552743,2112,2844,0.05714285714285714,2,35
19,M134,Máster Universitario en Especialización Profesional en Farmacia,2023_2024,0.15789473684210525,18,114,0.2826086956521739,13,46
4,M135,M. U. en Estudios Históricos Avanzados,2017_2018,0.8586387434554974,1968,2292,0.13157894736842105,5,38
4,M135,M. U. en Estudios Históricos Avanzados,2018_2019,0.8560541913632514,2022,2362,0.1111111111111111,4,36
4,M135,M.U. en Estudios Históricos Avanzados,2019_2020,0.8489451476793249,2012,2370,0.08571428571428572,3,35
4,M135,M.U. en Estudios Históricos Avanzados,2020_2021,0.8337129840546698,2196,2634,0.1282051282051282,5,39
4,M135,M.U. en Estudios Históricos Avanzados,2021_2022,0.8430744595676541,2106,2498,0.25,10,40
4,M135,Máster Universitario en Estudios Históricos Avanzados,2022_2023,0.829916476841306,2186,2634,0.15789473684210525,6,38
4,M135,Máster Universitario en Estudios Históricos Avanzados,2023_2024,0.8267066766691673,2204,2666,0.12195121951219512,5,41
5,M136,M.U. en Biología Avanzada: Investigación y Aplicación,2017_2018,0.8898550724637682,1535,1725,0.14285714285714285,4,28
5,M136,M.U. en Biología Avanzada: Investigación y Aplicación,2018_2019,0.878003696857671,2375,2705,0.038461538461538464,1,26
5,M136,M.U. en Biología Avanzada: Investigación y Aplicación,2019_2020,0.8935643564356436,1805,2020,0.06818181818181818,3,44
5,M136,M.U. en Biología Avanzada: Investigación y Aplicación,2020_2021,0.868421052631579,1485,1710,0.09375,3,32
5,M136,M.U. en Biología Avanzada: Investigación y Aplicación,2021_2022,0.9003215434083601,1400,1555,0.07692307692307693,2,26
5,M136,Máster Universitario en Biología Avanzada: Investigación y Aplicación,2022_2023,0.8283582089552238,1665,2010,0.041666666666666664,1,24
5,M136,Máster Universitario en Biología Avanzada: Investigación y Aplicación,2023_2024,0.9304174950298211,2340,2515,0.12121212121212122,4,33
16,M137,"M.U. en Estudios Lingüísticos, Literarios y Culturales por la U.S.",2017_2018,0.8769716088328076,2224,2536,0.11764705882352941,6,51
16,M137,"M.U. en Estudios Lingüísticos, Literarios y Culturales por la U.S.",2018_2019,0.8394160583941606,2300,2740,0.022222222222222223,1,45
16,M137,"M.U. en Estudios Lingüísticos, Literarios y Culturales",2019_2020,0.7653478854024557,2244,2932,0.11864406779661017,7,59
16,M137,"M.U. en Estudios Lingüísticos, Literarios y Culturales",2020_2021,0.7925373134328358,2124,2680,0.11666666666666667,7,60
16,M137,"M.U. en Estudios Lingüísticos, Literarios y Culturales",2021_2022,0.8300733496332519,2716,3272,0.01694915254237288,1,59
16,M137,"Máster Universitario en Estudios Lingüísticos, Literarios y Culturales",2022_2023,0.7508232711306256,2736,3644,0.08,4,50
16,M137,"Máster Universitario en Estudios Lingüísticos, Literarios y Culturales",2023_2024,0.7972665148063781,2800,3512,0.08620689655172414,5,58
18,M138,M.U. en Psicopedagogía,2017_2018,0.9066666666666666,3128,3450,0.05172413793103448,3,58
18,M138,M.U. en Psicopedagogía,2018_2019,0.9027552674230146,3342,3702,0.01818181818181818,1,55
18,M138,M.U. en Psicopedagogía,2019_2020,0.9559681697612732,3604,3770,0.05,3,60
18,M138,M.U. en Psicopedagogía,2020_2021,0.952755905511811,3388,3556,0,0,58
18,M138,M.U. en Psicopedagogía,2021_2022,0.9237385321100917,3222,3488,0.017241379310344827,1,58
18,M138,Máster Universitario en Psicopedagogía,2022_2023,0.9086265607264472,3202,3524,0.034482758620689655,2,58
18,M138,Máster Universitario en Psicopedagogía,2023_2024,0.8616352201257862,3288,3816,0.03508771929824561,2,57
15,M153,M.U. en Arquitectura,2017_2018,0.8047428395441947,2613,3247,0,0,37
15,M153,M.U. en Arquitectura,2018_2019,0.7389781271360218,8649,11704,0.08333333333333333,4,48
15,M153,M.U. en Arquitectura,2019_2020,0.7785631067961165,10024,12875,0.04736842105263158,9,190
15,M153,M.U. en Arquitectura,2020_2021,0.6770261543429125,8387,12388,0.017142857142857144,3,175
15,M153,M.U. en Arquitectura,2021_2022,0.6225823782234957,6953,11168,0.06172839506172839,10,162
15,M153,Máster Universitario en Arquitectura,2022_2023,0.5538391294422038,7278,13141,0.06015037593984962,8,133
15,M153,Máster Universitario en Arquitectura,2023_2024,0.47278532709586396,6367,13467,0.06748466257668712,11,163
45,M155,M.U. en Diseño Avanzado en Ingeniería Mecánica,2017_2018,0.5531702446330504,554,1001,0.16666666666666666,2,12
45,M155,M.U. en Diseño Avanzado en Ingeniería Mecánica,2018_2019,0.5687103594080338,807,1419,0.35714285714285715,5,14
45,M155,M.U. en Diseño Avanzado en Ingeniería Mecánica,2019_2020,0.5578947368421052,477,855,0.35,7,20
45,M155,M.U. en Diseño Avanzado en Ingeniería Mecánica,2020_2021,0.5662020905923345,650,1148,0.38461538461538464,5,13
45,M155,M.U. en Diseño Avanzado en Ingeniería Mecánica,2021_2022,0.5740897544453852,678,1181,0.35,7,20
45,M155,Máster Universitario en Diseño Avanzado en Ingeniería Mecánica,2022_2023,0.37167199148029817,349,939,0.2,3,15
45,M155,Máster Universitario en Diseño Avanzado en Ingeniería Mecánica,2023_2024,0.5239085239085239,504,962,0.36363636363636365,4,11
18,M156,M.U. en Formación y Orientación para el Trabajo,2017_2018,0.8433451118963486,1432,1698,0,0,24
18,M156,M.U. en Formación y Orientación para el Trabajo,2018_2019,0.8936170212765957,1596,1786,0.038461538461538464,1,26
18,M156,M.U. en Formación y Orientación para el Trabajo,2019_2020,0.9050505050505051,1792,1980,0,0,28
18,M156,M.U. en Formación y Orientación para el Trabajo,2020_2021,0.9211428571428572,1612,1750,0.03125,1,32
18,M156,M.U. en Formación y Orientación para el Trabajo,2021_2022,0.8686296715741789,1534,1766,0,0,28
18,M156,Máster Universitario en Formación y Orientación para el Trabajo,2022_2023,0.882414151925078,1696,1922,0.037037037037037035,1,27
18,M156,Máster Universitario en Formación y Orientación para el Trabajo,2023_2024,0.8632075471698113,1464,1696,0.034482758620689655,1,29
4,M158,"M. U. en Gestión del Territorio, Instrumentos y Técnicas de Intervenc.",2017_2018,0.8574040219378428,938,1094,0,0,7
4,M158,"M. U. en Gestión del Territorio, Instrumentos y Técnicas de Intervenc.",2018_2019,0.7906976744186046,1122,1419,0.1111111111111111,2,18
4,M158,M.U. en Gestión del Territorio. Instrumentos y Técnicas de Intervenc,2019_2020,0.8558352402745996,1122,1311,0.09090909090909091,2,22
4,M158,M.U. en Gestión del Territorio. Instrumentos y Técnicas de Intervenc,2020_2021,0.7569258266309205,847,1119,0.05,1,20
4,M158,M.U. en Gestión del Territorio. Instrumentos y Técnicas de Intervenc,2021_2022,0.7544283413848631,937,1242,0.17647058823529413,3,17
4,M158,Máster Unv. en Gestión del Territorio. Instrumentos y Técnicas de Intervenc,2022_2023,0.6888235294117647,1171,1700,0.16666666666666666,3,18
4,M158,Máster Unv. en Gestión del Territorio. Instrumentos y Técnicas de Intervenc,2023_2024,0.6926100628930818,881,1272,0.2,5,25
17,M162,Máster Universitario en Matemáticas,2017_2018,0.6178010471204188,354,573,0,0,17
17,M162,M.U. en Matemáticas,2018_2019,0.6363636363636364,819,1287,0.2222222222222222,2,9
17,M162,M.U. en Matemáticas,2019_2020,0.73502722323049,1215,1653,0.08333333333333333,2,24
17,M162,M.U. en Matemáticas,2020_2021,0.8214971209213052,1284,1563,0.07142857142857142,2,28
17,M162,M.U. en Matemáticas,2021_2022,0.70018281535649,1149,1641,0.1,3,30
17,M162,Máster Universitario en Matemáticas,2022_2023,0.8490945674044266,1266,1491,0.19230769230769232,5,26
17,M162,Máster Universitario en Matemáticas,2023_2024,0.6591375770020534,963,1461,0.125,3,24
45,M163,M.U. en Organización Industrial y Gestión de Empresas,2017_2018,0.6931656383483626,1460,2107,0.10714285714285714,3,28
45,M163,M.U. en Organización Industrial y Gestión de Empresas,2018_2019,0.5952186905732137,1095,1840,0.13333333333333333,4,30
45,M163,M.U. en Organización Industrial y Gestión de Empresas,2019_2020,0.6702830188679245,1421,2120,0.15384615384615385,4,26
45,M163,M.U. en Organización Industrial y Gestión de Empresas,2020_2021,0.6212278876170656,1492,2402,0.16,4,25
45,M163,M.U. en Organización Industrial y Gestión de Empresas,2021_2022,0.6558922558922559,1461,2227,0.08823529411764706,3,34
45,M163,Máster Universitario en Organización Industrial y Gestión de Empresas,2022_2023,0.5905756834852189,1328,2249,0.1,3,30
45,M163,Máster Universitario en Organización Industrial y Gestión de Empresas,2023_2024,0.5370728562217923,833,1551,0.10714285714285714,3,28
45,M164,M.U. en Sistemas de Energía Eléctrica,2017_2018,0.5676375404530745,877,1545,0.047619047619047616,1,21
45,M164,M.U. en Sistemas de Energía Eléctrica,2018_2019,0.5226209048361935,670,1282,0.2608695652173913,6,23
45,M164,M.U. en Sistemas de Energía Eléctrica,2019_2020,0.5627753303964758,1022,1816,0.25,5,20
45,M164,M.U. en Sistemas de Energía Eléctrica,2020_2021,0.529874213836478,1011,1908,0.2857142857142857,8,28
45,M164,M.U. en Sistemas de Energía Eléctrica,2021_2022,0.5172413793103449,825,1595,0.24,6,25
45,M164,Máster Universitario en Sistemas de Energía Eléctrica,2022_2023,0.5013958682300391,898,1791,0.2222222222222222,4,18
45,M164,Máster Universitario en Sistemas de Energía Eléctrica,2023_2024,0.553763440860215,927,1674,0.07407407407407407,2,27
45,M165,M.U. en Sistemas de Energía Térmica,2017_2018,0.6440329218106996,313,486,0,0,12
45,M165,M.U. en Sistemas de Energía Térmica,2018_2019,0.7578378378378379,701,925,0.16666666666666666,1,6
45,M165,M.U. en Sistemas de Energía Térmica,2019_2020,0.6614645858343338,551,833,0,0,14
45,M165,M.U. en Sistemas de Energía Térmica,2020_2021,0.6252446183953033,639,1022,0.07692307692307693,1,13
45,M165,M.U. en Sistemas de Energía Térmica,2021_2022,0.5906593406593407,430,728,0.2857142857142857,4,14
45,M165,Máster Universitario en Sistemas de Energía Térmica,2022_2023,0.5552147239263804,362,652,0.3333333333333333,3,9
45,M165,Máster Universitario en Sistemas de Energía Térmica,2023_2024,0.5793528505392912,376,649,0.3,3,10
15,M166,M.U. en Ciudad y Arquitectura Sostenibles,2017_2018,0.8181818181818182,972,1188,0.10526315789473684,2,19
15,M166,M.U. en Ciudad y Arquitectura Sostenibles,2018_2019,0.8532289628180039,1308,1533,0.05555555555555555,1,18
15,M166,M.U. en Ciudad y Arquitectura Sostenibles,2019_2020,0.77088948787062,1144,1484,0.08695652173913043,2,23
15,M166,M.U. en Ciudad y Arquitectura Sostenibles,2020_2021,0.7682403433476395,1074,1398,0.09090909090909091,2,22
15,M166,M.U. en Ciudad y Arquitectura Sostenibles,2021_2022,0.8412322274881516,1065,1266,0.1,2,20
15,M166,Máster Universitario en Ciudad y Arquitectura Sostenibles,2022_2023,0.7811104020421187,1224,1567,0.05263157894736842,1,19
15,M166,Máster Universitario en Ciudad y Arquitectura Sostenibles,2023_2024,0.7453531598513011,1203,1614,0.08333333333333333,2,24
