Rama de enseñanza,Titulación,Hombre,Mujer,Total
ARTES Y HUMANIDADES,Grado en Arqueología,71,90,161
ARTES Y HUMANIDADES,Grado en Bellas Artes,228,577,805
ARTES Y HUMANIDADES,Grado en Conservación y Restauración de Bienes Culturales,87,157,244
ARTES Y HUMANIDADES,Grado en Estudios Árabes e Islámicos,18,36,54
ARTES Y HUMANIDADES,Grado en Estudios de Asia Oriental,66,200,266
ARTES Y HUMANIDADES,Grado en Estudios Franceses,47,183,230
ARTES Y HUMANIDADES,Grado en Estudios Ingleses,166,567,733
ARTES Y HUMANIDADES,Grado en Filología Clásica,33,102,135
ARTES Y HUMANIDADES,Grado en Filología Hispánica,137,467,604
ARTES Y HUMANIDADES,Grado en Filosofía,189,126,315
ARTES Y HUMANIDADES,Grado en Historia,509,297,806
ARTES Y HUMANIDADES,Grado en Historia del Arte,244,485,729
ARTES Y HUMANIDADES,Grado en Lengua y Literatura Alemanas,20,47,67
ARTES Y HUMANIDADES,Doble Grado en Educación Primaria y en Estudios Franceses,3,71,74
ARTES Y HUMANIDADES,Doble Grado en Filología Clásica y en Filología Hispánica,18,73,91
ARTES Y HUMANIDADES,Doble Grado en Lengua y Literatura Alemanas y en Educ. Primaria,14,43,57
CIENCIAS DE LA SALUD,Grado en Biomedicina Básica y Experimental,51,134,185
CIENCIAS DE LA SALUD,Grado en Enfermería,211,946,1157
CIENCIAS DE LA SALUD,Grado en Farmacia,52,99,151
CIENCIAS DE LA SALUD,Grado en Farmacia (2019),370,1073,1443
CIENCIAS DE LA SALUD,Grado en Fisioterapia,177,180,357
CIENCIAS DE LA SALUD,Grado en Medicina,575,1251,1826
CIENCIAS DE LA SALUD,Grado en Odontología,108,355,463
CIENCIAS DE LA SALUD,Grado en Óptica y Optometría,47,167,214
CIENCIAS DE LA SALUD,Grado en Podología,51,205,256
CIENCIAS DE LA SALUD,Grado en Psicología,187,998,1185
CIENCIAS DE LA SALUD,Doble Grado en Farmacia y en Óptica y Optometría,7,8,15
CIENCIAS DE LA SALUD,Doble Grado en Farmacia y en Óptica y Optometría (2019),24,65,89
CIENCIAS DE LA SALUD,Doble Grado en Fisioterapia y en CC. de la Actividad Física y Deporte,38,18,56
CIENCIAS,Grado en Biología,385,582,967
CIENCIAS,Grado en Bioquímica,70,163,233
CIENCIAS,Grado en Estadística,73,90,163
CIENCIAS,Grado en Física,333,115,448
CIENCIAS,Grado en Matemáticas,424,310,734
CIENCIAS,Grado en Química,264,401,665
CIENCIAS,Doble Grado en Física y en Ingeniería de Materiales,66,27,93
CIENCIAS,Doble Grado en Física y en Matemáticas,80,26,106
CIENCIAS,Doble Grado en Ing. Agrícola (USE) y en CC. Ambientales (UPO),40,39,79
CIENCIAS,Doble Grado en Ing. Informática - Tecnologías Informáticas y en Matemáticas,86,22,108
CIENCIAS,Doble Grado en Matemáticas y en Estadística,84,61,145
CIENCIAS,Doble Grado en Química y en Ingeniería de Materiales,49,28,77
CIENCIAS SOCIALES Y JURÍDICAS,Grado en Administración y Dirección de Empresas,1196,982,2178
CIENCIAS SOCIALES Y JURÍDICAS,Grado en Antropología Social y Cultural,29,57,86
CIENCIAS SOCIALES Y JURÍDICAS,Grado en Antropología Social y Cultural (2021),44,54,98
CIENCIAS SOCIALES Y JURÍDICAS,Grado en Ciencias de la Actividad Física y del Deporte,373,123,496
CIENCIAS SOCIALES Y JURÍDICAS,Grado en Comunicación Audiovisual,242,348,590
CIENCIAS SOCIALES Y JURÍDICAS,Grado en Criminología,78,177,255
CIENCIAS SOCIALES Y JURÍDICAS,Grado en Derecho,923,1572,2495
CIENCIAS SOCIALES Y JURÍDICAS,Grado en Economía,392,386,778
CIENCIAS SOCIALES Y JURÍDICAS,Grado en Educación Infantil,21,683,704
CIENCIAS SOCIALES Y JURÍDICAS,Grado en Educación Primaria,545,1667,2212
CIENCIAS SOCIALES Y JURÍDICAS,Grado en Finanzas y Contabilidad,791,583,1374
CIENCIAS SOCIALES Y JURÍDICAS,Grado en Geografía y Gestión del Territorio,128,44,172
CIENCIAS SOCIALES Y JURÍDICAS,Grado en Gestión y Administración Pública,6,12,18
CIENCIAS SOCIALES Y JURÍDICAS,Grado en Marketing e Investigación de Mercado,193,367,560
CIENCIAS SOCIALES Y JURÍDICAS,Grado en Pedagogía,64,534,598
CIENCIAS SOCIALES Y JURÍDICAS,Grado en Periodismo,607,638,1245
CIENCIAS SOCIALES Y JURÍDICAS,Grado en Publicidad y Relaciones Públicas,123,518,641
CIENCIAS SOCIALES Y JURÍDICAS,Grado en Relaciones Laborales y Recursos Humanos,398,669,1067
CIENCIAS SOCIALES Y JURÍDICAS,Grado en Turismo,307,614,921
CIENCIAS SOCIALES Y JURÍDICAS,Doble Grado en ADE y en Derecho,245,371,616
CIENCIAS SOCIALES Y JURÍDICAS,Doble Grado en Derecho y en Economía,88,102,190
CIENCIAS SOCIALES Y JURÍDICAS,Doble Grado en Derecho y en Filosofía,34,27,61
CIENCIAS SOCIALES Y JURÍDICAS,Doble Grado en Derecho y en Finanzas y Contabilidad,114,131,245
CIENCIAS SOCIALES Y JURÍDICAS,Doble Grado en Derecho y en Gestión y Administración Pública,65,80,145
CIENCIAS SOCIALES Y JURÍDICAS,Doble Grado en Educación Infantil y en Educación Primaria,2,30,32
CIENCIAS SOCIALES Y JURÍDICAS,Doble Grado en Finanzas y Contabilidad y en RR. LL. y RR. HH.,77,136,213
CIENCIAS SOCIALES Y JURÍDICAS,Doble Grado en Geografía y Gestión del Territorio y en Historia,100,36,136
CIENCIAS SOCIALES Y JURÍDICAS,Doble Grado en Periodismo y en Comunicación Audiovisual,27,60,87
INGENIERÍA Y ARQUITECTURA,Grado en Edificación,375,275,650
INGENIERÍA Y ARQUITECTURA,Grado en Fundamentos de Arquitectura,708,866,1574
INGENIERÍA Y ARQUITECTURA,Grado en Ingeniería Aeroespacial,513,204,717
INGENIERÍA Y ARQUITECTURA,Grado en Ingeniería Agrícola,610,242,852
INGENIERÍA Y ARQUITECTURA,Grado en Ingeniería Civil,216,96,312
INGENIERÍA Y ARQUITECTURA,Grado en Ingeniería de la Energía,289,100,389
INGENIERÍA Y ARQUITECTURA,Grado en Ingeniería de la Salud,132,181,313
INGENIERÍA Y ARQUITECTURA,Grado en Ingeniería de las Tecnologías de Telecomunicación,556,131,687
INGENIERÍA Y ARQUITECTURA,Grado en Ingeniería de Materiales,104,45,149
INGENIERÍA Y ARQUITECTURA,Grado en Ingeniería de Organización Industrial,223,111,334
INGENIERÍA Y ARQUITECTURA,Grado en Ingeniería de Tecnologías Industriales,1086,388,1474
INGENIERÍA Y ARQUITECTURA,Grado en Ingeniería del Diseño Industrial y Desarrollo del Producto,248,395,643
INGENIERÍA Y ARQUITECTURA,Grado en Ingeniería Eléctrica,257,46,303
INGENIERÍA Y ARQUITECTURA,Grado en Ingeniería Electrónica Industrial,418,76,494
INGENIERÍA Y ARQUITECTURA,Grado en Ingeniería Electrónica, Robótica y Mecatrónica,295,66,361
INGENIERÍA Y ARQUITECTURA,Grado en Ingeniería Informática - Ingeniería de Computadores,454,54,508
INGENIERÍA Y ARQUITECTURA,Grado en Ingeniería Informática - Ingeniería del Software,1051,173,1224
INGENIERÍA Y ARQUITECTURA,Grado en Ingeniería Informática - Tecnologías Informáticas,615,118,733
INGENIERÍA Y ARQUITECTURA,Grado en Ingeniería Mecánica,549,71,620
INGENIERÍA Y ARQUITECTURA,Grado en Ingeniería Química,163,146,309
INGENIERÍA Y ARQUITECTURA,Grado en Ingeniería Química Industrial,145,137,282
INGENIERÍA Y ARQUITECTURA,Doble Grado en Ing. Eléctrica e Ing. Electrónica Industrial,89,20,109
INGENIERÍA Y ARQUITECTURA,Doble Grado en Ing. Eléctrica e Ing. Mecánica,73,59,132
INGENIERÍA Y ARQUITECTURA,Doble Grado en Ing. del Diseño Industrial y Desarrollo del Producto e Ing. Mecánica,109,10,119