"Cod_Centro","Cod_Titulacion","Titulacion","Año","Tasa_Rendimiento","Alumnos_Egresados","Matriculados_Rendimiento","Tasa_Abandono","Alumnos_Abandonan","Matriculados_Abandono"
1,"151","Grado en Administración y Dirección de Empresas","2022_2023",0.546806740170585,63084,115368,0.40650406504065,200,492
5,"153","Grado en Biología","2022_2023",0.75544794188862,39312,52038,0.185365853658537,38,205
18,"154","Grado en Ciencias de la Actividad Física y del Deporte","2022_2023",0.874035989717224,22440,25674,0.150793650793651,19,126
20,"155","Grado en Derecho","2022_2023",0.696370642920903,95955,137793,0.159763313609467,81,507
1,"156","Grado en Economía","2022_2023",0.614520311149525,25596,41652,0.274390243902439,45,164
11,"157","Grado en Enfermería","2022_2023",0.876309511461467,50691,57846,0.246212121212121,65,264
16,"159","Grado en Filología Hispánica","2022_2023",0.607754564276303,19374,31878,0.388429752066116,47,121
12,"160","Grado en Filosofía","2022_2023",0.716666666666667,516,720,0.394366197183099,28,71
7,"161","Grado en Finanzas y Contabilidad","2022_2023",0.446518057715569,31008,69444,0.551136363636364,194,352
6,"162","Grado en Física","2022_2023",0.631762652705061,15204,24066,0.215686274509804,22,102
11,"163","Grado en Fisioterapia","2022_2023",0.853407981919975,16615,19469,0.34,34,100
4,"164","Grado en Geografía y Gestión del Territorio","2022_2023",0.658952496954933,6492,9852,0.354838709677419,11,31
4,"166","Grado en Historia","2022_2023",0.641567963902989,27300,42552,0.261363636363636,46,176
4,"167","Grado en Historia del Arte","2022_2023",0.556513409961686,20916,37584,0.397727272727273,70,176
17,"171","Grado en Matemáticas","2022_2023",0.666411277965063,26094,39156,0.217741935483871,27,124
18,"174","Grado en Pedagogía","2022_2023",0.8984375,30360,33792,0.150326797385621,23,153
11,"175","Grado en Podología","2022_2023",0.774407976734524,11184,14442,0.366197183098592,26,71
13,"176","Grado en Psicología","2022_2023",0.857430269775949,56256,65610,0.103571428571429,29,280
22,"177","Grado en Química","2022_2023",0.599053551205307,22216,37086,0.297101449275362,41,138
8,"178","Grado en Relaciones Laborales y Recursos Humanos","2022_2023",0.606095883162239,34362,56694,0.253275109170306,58,229
7,"179","Grado en Turismo","2022_2023",0.604051565377532,31488,52128,0.355072463768116,98,276
1,"180","Grado en Marketing e Investigación de Mercados","2022_2023",0.765406427221172,24294,31740,0.206106870229008,27,131
16,"181","Grado en Estudios Árabes e Islámicos","2022_2023",0.682572614107884,1974,2892,0.476190476190476,10,21
16,"182","Grado en Estudios Franceses","2022_2023",0.598496240601504,7164,11970,0.411764705882353,28,68
16,"183","Grado en Estudios Ingleses","2022_2023",0.695957820738137,26136,37554,0.180645161290323,28,155
16,"184","Grado en Filología Clásica","2022_2023",0.690685413005272,4716,6828,0.676470588235294,23,34
16,"185","Grado en Lengua y Literatura Alemanas","2022_2023",0.648550724637681,2148,3312,0.5,23,46
4,"188","Grado en Antropología Social y Cultural","2022_2023",0.610878661087866,3504,5736,0.566666666666667,34,60
21,"190","Grado en Bellas Artes","2022_2023",0.872400475341652,35238,40392,0.213114754098361,39,183
2,"192","Grado en Comunicación Audiovisual","2022_2023",0.878749433620299,29091,33105,0.161073825503356,24,149
21,"193","Grado en Conservación y Restauración de Bienes Culturales","2022_2023",0.85177766649975,10206,11982,0.354838709677419,22,62
18,"194","Grado en Educación Infantil","2022_2023",0.977599365645753,39452,40356,0.05,9,180
18,"195","Grado en Educación Primaria","2022_2023",0.903542361057282,116566,129010,0.0854368932038835,44,515
45,"197","Grado en Ingeniería Aeroespacial","2022_2023",0.654092891968181,22941,35073,0.173913043478261,24,138
45,"199","Grado en Ingeniería de las Tecnologías de Telecomunicación","2022_2023",0.526171928385951,17325,32926,0.411764705882353,56,136
23,"200","Grado en Ingeniería Eléctrica","2022_2023",0.427100022888533,5598,13107,0.564516129032258,35,62
23,"201","Grado en Ingeniería Electrónica Industrial","2022_2023",0.360477453580902,8154,22620,0.472222222222222,51,108
23,"202","Grado en Ingeniería en Diseño Industrial y Desarrollo del Producto","2022_2023",0.571526084836665,17583,30765,0.211864406779661,25,118
45,"203","Grado en Ingeniería de Tecnologías Industriales","2022_2023",0.605078878004642,46141,76257,0.15018315018315,41,273
3,"204","Grado en Ingeniería Informática-Ingeniería de Computadores","2022_2023",0.514909090909091,12744,24750,0.549180327868853,67,122
3,"205","Grado en Ingeniería Informática-Ingeniería del Software","2022_2023",0.719336910693752,45042,62616,0.153526970954357,37,241
3,"206","Grado en Ingeniería Informática-Tecnologías Informáticas","2022_2023",0.576892302768443,21630,37494,0.402684563758389,60,149
23,"207","Grado en Ingeniería Mecánica","2022_2023",0.483428805237316,14178,29328,0.315789473684211,36,114
45,"208","Grado en Ingeniería Química","2022_2023",0.500627837341833,7774,15529,0.484375,31,64
23,"209","Grado en Ingeniería Química Industrial","2022_2023",0.447573656845754,6198,13848,0.407407407407407,22,54
2,"210","Grado en Periodismo","2022_2023",0.753755100210734,50433,66909,0.170138888888889,49,288
2,"211","Grado en Publicidad y Relaciones Públicas","2022_2023",0.906072023131517,31023,34239,0.127659574468085,18,141
14,"217","Grado en Biomedicina Básica y Experimental","2022_2023",0.921182266009852,10378,11266,0.188679245283019,10,53
20,"218","Grado en Criminología","2022_2023",0.912064570943076,12882,14124,0.0476190476190476,3,63
12,"219","Grado en Estudios de Asia Oriental por la Unv.de Sevilla y la Unv.de Málaga","2022_2023",0.838483724763082,12210,14562,0.171875,11,64
45,"221","Grado en Ingeniería de la Energía por la Un. de Sevilla y la Un. de Málaga","2022_2023",0.537719573400251,10285,19128,0.333333333333333,25,75
6,"222","Grado en Ingeniería de Materiales","2022_2023",0.656022635408246,4869,7422,0.448275862068966,13,29
19,"223","Grado en Óptica y Optometría","2022_2023",0.837186424003935,10212,12198,0.129032258064516,8,62
5,"224","Grado en Bioquímica por la Universidad de Sevilla y Universidad de Málaga","2022_2023",0.854054054054054,11376,13320,0.0689655172413793,4,58
45,"225","Grado en Ingeniería Civil","2022_2023",0.483084425480037,7132,14764,0.542372881355932,32,59
3,"226","Grado en Ingeniería de la Salud por la Univ. de Málaga y la Univ.de Sevilla","2022_2023",0.718101903217547,12621,17575,0.203125,13,64
45,"227","Grado en Ingeniería de Organización Industrial por la U. Málaga y U.Sevilla","2022_2023",0.59672926588193,9961,16693,0.26027397260274,19,73
45,"228","Grado en Ingeniería Electrónica, Robótica y Mecatrónica (UMA-US)","2022_2023",0.669182591938333,12501,18681,0.196969696969697,13,66
2,"M036","Máster Universitario en Comunicación y Cultura","2022_2023",0.71448087431694,1046,1464,0.0769230769230769,2,26
302,"M037","Máster Universitario en Artes del Espectáculo Vivo","2022_2023",0.70979020979021,1218,1716,0.12,3,25
302,"M039","Máster Universitario en Estudios de Género y Desarrollo Profesional","2022_2023",0.867924528301887,1656,1908,0.133333333333333,4,30
15,"M040","Máster Universitario en Peritación y Reparación de Edificios","2022_2023",0.720415224913495,1041,1445,0.4,2,5
302,"M044","Máster Univers. en Profesorado de E.S.O y Bachillerato, FP y E.Idiomas","2022_2023",0.944088433194489,23572,24968,0.03,12,400
4,"M050","Máster Universitario en Arqueología por la U.de Sevilla y U.de Granada","2022_2023",0.606857142857143,1062,1750,0.117647058823529,4,34
21,"M052","Máster Universitario en Arte: Idea y Producción","2022_2023",0.776061776061776,1608,2072,0.032258064516129,1,31
302,"M056","Máster Universitario en Ciencia y Tecnología de Nuevos Materiales","2022_2023",0.91304347826087,945,1035,0.0909090909090909,3,33
20,"M061","Máster Universitario en Derecho Constitucional","2022_2023",0.661538461538462,1032,1560,0.296296296296296,8,27
7,"M063","Máster Universitario en Dirección y Planificación del Turismo","2022_2023",0.703349282296651,1176,1672,0.0357142857142857,1,28
18,"M064","Máster Unv. en Dirección, Evaluación y Calidad de las Instituc. de For","2022_2023",0.885799404170804,1784,2014,0.0714285714285714,2,28
4,"M067","Máster Universitario en Documentos y Libros. Archivos y Bibliotecas","2022_2023",0.802377414561664,2160,2692,0.0555555555555556,2,36
1,"M068","Máster Universitario en Economía y Desarrollo","2022_2023",0.575692963752665,810,1407,0.15,3,20
16,"M070","M.U.en Enseñanza del Español como Lengua Extranjera y Otras Leng.Mod.","2022_2023",0.852036199095023,1883,2210,0.133333333333333,4,30
2,"M071","Máster Universitario en Escritura Creativa","2022_2023",0.764486975013291,1438,1881,0.0740740740740741,2,27
22,"M075","Máster Universitario en Estudios Avanzados en Química","2022_2023",0.883783783783784,1308,1480,0.0666666666666667,2,30
16,"M076","Máster Universitario en Estudios Hispánicos Superiores","2022_2023",0.672413793103448,858,1276,0.15,3,20
6,"M082","Máster Universitario en Física Nuclear por la UAM,UCM,UB,UGR,USAL y la US","2022_2023",0.696517412935323,840,1206,0.142857142857143,2,14
1,"M085","Máster Universitario en Gestión Estratégica y Negocios Internacionales","2022_2023",0.760462555066079,1381,1816,0.148148148148148,4,27
98,"M086","Máster Universitario en Gestión Integral de la Edificación","2022_2023",0.785458879618594,659,839,0.166666666666667,3,18
3,"M095","Máster Universitario en Lógica, Computación e Inteligencia Artificial","2022_2023",0.700854700854701,1476,2106,0.178571428571429,5,28
6,"M099","Máster Unv. en Microelectrónica: Diseño y Aplicaciones de Sistemas","2022_2023",0.553264604810997,966,1746,0.37037037037037,10,27
11,"M100","Máster Univ.en Nuevas Tendencias Asistenciales en CC. de la Salud","2022_2023",0.773003648155655,1907,2467,0.121212121212121,4,33
4,"M103","Máster Unv.en Patrimonio Artístico Andaluz y su Proyección Iberoameric.","2022_2023",0.844170834936514,2194,2599,0.0967741935483871,3,31
13,"M105","Máster Univ. en Psicología de la Intervención Social y Comunitaria","2022_2023",0.904716981132075,1918,2120,0.0606060606060606,2,33
20,"M106","Máster Universitario en Relaciones Jurídico-Privadas","2022_2023",0.813793103448276,472,580,0.363636363636364,4,11
98,"M107","Máster Universitario en Seguridad Integral en Edificación","2022_2023",0.796904190018682,1493,1873,0.375,6,16
23,"M108","M.U.en Seguridad Integral en la Industria y Prevención Riesgos Laborales","2022_2023",0.820598006644518,2964,3612,0.184210526315789,7,38
2,"M114","Máster Universitario en Comunicación Institucional y Política","2022_2023",0.667242869490061,1544,2314,0.0571428571428571,2,35
12,"M115","Máster Universitario en Filosofía y Cultura Moderna","2022_2023",0.870056497175141,924,1062,0.125,1,8
4,"M117","M.U. en Antropología: Gestión de la Diversidad Cultural, el Pat.y el Des.","2022_2023",0.579439252336449,930,1605,0.1,4,40
4,"M121","Máster Universitario en Estudios Americanos","2022_2023",0.807365439093484,1710,2118,0.0344827586206897,1,29
20,"M123","Máster Un. en Asesoría Jurídico-Mercantil, Fiscal y Laboral","2022_2023",0.792656587473002,734,926,0.307692307692308,4,13
8,"M125","Máster Universitario en Consultoría Laboral","2022_2023",0.800209205020921,1530,1912,0.0740740740740741,2,27
14,"M127","Máster Unv. en Investigación Médica: Clínica y Experimental","2022_2023",0.782201405152225,1336,1708,0.0384615384615385,1,26
13,"M133","M.U.en Migraciones Internacionales, Salud y Bienestar: Mod. y Est. de Inter","2022_2023",0.803430079155673,1218,1516,0.0434782608695652,1,23
19,"M134","Máster Universitario en Especialización Profesional en Farmacia","2022_2023",0.742616033755274,2112,2844,0.0571428571428571,2,35
4,"M135","Máster Universitario en Estudios Históricos Avanzados","2022_2023",0.829916476841306,2186,2634,0.157894736842105,6,38
5,"M136","Máster Universitario en Biología Avanzada: Investigación y Aplicación","2022_2023",0.828358208955224,1665,2010,0.0416666666666667,1,24
16,"M137","Máster Universitario en Estudios Lingüísticos, Literarios y Culturales","2022_2023",0.750823271130626,2736,3644,0.08,4,50
18,"M138","Máster Universitario en Psicopedagogía","2022_2023",0.908626560726447,3202,3524,0.0344827586206897,2,58
15,"M153","Máster Universitario en Arquitectura","2022_2023",0.553839129442204,7278,13141,0.0601503759398496,8,133
45,"M155","Máster Universitario en Diseño Avanzado en Ingeniería Mecánica","2022_2023",0.371671991480298,349,939,0.2,3,15
18,"M156","Máster Universitario en Formación y Orientación para el Trabajo","2022_2023",0.882414151925078,1696,1922,0.037037037037037,1,27
4,"M158","Máster Unv. en Gestión del Territorio. Instrumentos y Técnicas de Intervenc","2022_2023",0.688823529411765,1171,1700,0.166666666666667,3,18
17,"M162","Máster Universitario en Matemáticas","2022_2023",0.849094567404427,1266,1491,0.192307692307692,5,26
45,"M163","Máster Universitario en Organización Industrial y Gestión de Empresas","2022_2023",0.590575683485219,1328,2249,0.1,3,30
45,"M164","Máster Universitario en Sistemas de Energía Eléctrica","2022_2023",0.501395868230039,898,1791,0.222222222222222,4,18
45,"M165","Máster Universitario en Sistemas de Energía Térmica","2022_2023",0.55521472392638,362,652,0.333333333333333,3,9
15,"M166","Máster Universitario en Ciudad y Arquitectura Sostenibles","2022_2023",0.781110402042119,1224,1567,0.0526315789473684,1,19
